,v714,b0,v113
0,0,0,1
1,0,0,1
2,0,0,0
3,0,0,0
4,0,0,1
5,1,0,1
6,1,0,1
7,1,0,1
8,0,0,1
9,0,0,1
10,0,0,1
11,0,0,1
12,1,0,1
13,0,0,0
14,0,0,0
15,0,0,1
16,0,0,1
17,0,0,1
18,0,0,1
19,0,0,1
20,0,0,1
21,0,0,1
22,0,0,1
23,0,0,1
24,0,0,1
25,0,0,0
26,1,0,1
27,1,0,1
28,1,0,1
29,1,0,1
30,1,0,1
31,1,0,0
32,1,0,1
33,1,0,1
34,1,0,0
35,1,0,1
36,1,0,1
37,1,0,1
38,0,0,1
39,1,0,1
40,1,0,1
41,1,0,1
42,1,0,1
43,1,0,1
44,0,0,1
45,1,0,1
46,1,0,1
47,1,0,1
48,1,0,1
49,0,0,1
50,0,0,1
51,0,0,0
52,0,0,1
53,0,0,1
54,0,0,1
55,0,0,1
56,1,0,1
57,1,0,1
58,0,0,1
59,1,0,1
60,1,0,1
61,0,0,1
62,0,0,1
63,0,0,0
64,0,0,0
65,0,0,0
66,0,0,0
67,0,0,0
68,0,0,0
69,0,0,1
70,1,0,0
71,1,0,1
72,1,0,1
73,1,0,1
74,0,0,1
75,1,0,1
76,0,0,1
77,0,0,1
78,0,0,1
79,0,0,1
80,0,0,1
81,0,0,1
82,0,0,1
83,1,0,1
84,1,0,1
85,0,0,1
86,1,0,1
87,0,0,1
88,0,0,1
89,1,0,1
90,1,0,1
91,1,0,1
92,1,0,1
93,0,0,1
94,1,0,0
95,1,0,1
96,1,0,1
97,1,0,0
98,0,0,1
99,0,0,1
100,0,0,1
101,0,1,0
102,0,1,0
103,1,0,1
104,0,0,1
105,1,0,1
106,0,0,1
107,0,0,1
108,0,0,1
109,0,0,1
110,1,1,1
111,1,1,1
112,1,0,1
113,0,0,1
114,1,0,1
115,0,0,1
116,1,0,0
117,1,0,1
118,0,0,1
119,0,0,1
120,1,0,1
121,0,0,1
122,0,0,1
123,1,0,1
124,1,0,1
125,1,0,1
126,0,0,1
127,0,0,1
128,1,0,1
129,0,0,1
130,0,0,1
131,1,0,1
132,0,0,1
133,0,0,1
134,1,0,1
135,0,0,1
136,0,0,1
137,1,0,1
138,0,0,1
139,0,0,0
140,0,0,0
141,0,0,1
142,1,0,1
143,0,0,1
144,0,0,1
145,1,0,1
146,0,0,0
147,0,0,0
148,0,0,1
149,1,0,1
150,1,0,1
151,0,0,0
152,0,0,1
153,0,0,1
154,0,0,1
155,1,0,1
156,0,0,1
157,1,0,1
158,0,0,1
159,0,0,1
160,0,0,1
161,0,0,1
162,1,0,1
163,0,0,1
164,0,0,1
165,1,1,1
166,1,1,1
167,0,0,0
168,0,0,1
169,1,0,1
170,1,0,1
171,1,0,1
172,0,0,1
173,0,0,1
174,1,0,1
175,0,0,1
176,0,0,0
177,0,0,1
178,0,0,1
179,0,0,1
180,0,0,1
181,1,0,1
182,1,0,1
183,1,0,1
184,1,0,1
185,1,0,1
186,0,0,1
187,0,0,1
188,1,0,1
189,1,0,1
190,0,0,1
191,1,0,1
192,0,0,1
193,0,0,1
194,1,0,1
195,1,0,1
196,1,0,1
197,0,0,1
198,0,0,1
199,1,0,1
200,0,0,1
201,0,0,0
202,1,0,1
203,0,0,1
204,0,0,0
205,0,0,1
206,1,0,0
207,0,0,0
208,1,0,1
209,0,0,0
210,1,0,1
211,1,0,1
212,0,0,1
213,1,0,1
214,1,0,1
215,0,0,1
216,1,0,1
217,0,0,1
218,0,0,0
219,1,0,1
220,1,0,1
221,1,0,1
222,1,0,1
223,1,0,1
224,1,0,1
225,1,0,1
226,0,0,1
227,0,0,1
228,0,0,0
229,1,0,1
230,1,0,1
231,1,0,1
232,1,0,1
233,1,0,1
234,0,0,0
235,1,0,1
236,0,0,1
237,0,0,0
238,1,0,1
239,1,0,0
240,0,0,0
241,0,0,1
242,0,0,0
243,0,0,1
244,0,0,1
245,0,0,1
246,1,0,1
247,1,0,1
248,0,0,1
249,0,0,1
250,1,0,1
251,1,0,1
252,1,0,1
253,1,0,1
254,1,0,1
255,1,0,1
256,1,0,1
257,1,0,1
258,0,1,1
259,0,1,1
260,0,0,1
261,0,0,1
262,0,0,1
263,1,0,1
264,1,0,1
265,1,0,1
266,1,0,1
267,0,0,1
268,0,0,1
269,0,0,1
270,1,0,1
271,1,0,1
272,1,0,1
273,1,0,1
274,1,0,1
275,1,0,1
276,0,0,0
277,1,0,1
278,1,0,1
279,0,0,1
280,0,0,1
281,0,0,1
282,0,0,1
283,1,0,1
284,1,0,1
285,0,0,1
286,0,0,1
287,0,0,1
288,0,0,1
289,1,0,1
290,1,0,1
291,1,0,1
292,0,0,0
293,1,0,1
294,1,0,1
295,1,0,1
296,1,0,1
297,1,0,1
298,1,0,1
299,1,0,1
300,1,0,1
301,1,0,1
302,0,1,1
303,0,1,1
304,1,0,1
305,1,0,1
306,1,0,1
307,1,0,1
308,1,0,1
309,1,0,1
310,1,0,1
311,1,0,1
312,0,0,1
313,0,0,0
314,0,0,1
315,1,0,1
316,1,0,1
317,1,0,1
318,0,0,1
319,0,0,1
320,1,0,1
321,0,0,1
322,1,0,1
323,1,0,1
324,1,0,1
325,1,0,1
326,1,0,1
327,1,0,1
328,1,0,1
329,1,0,1
330,1,0,1
331,1,0,1
332,0,0,1
333,1,0,1
334,0,0,1
335,1,0,1
336,1,0,0
337,1,0,1
338,0,0,1
339,1,0,1
340,1,0,1
341,1,0,1
342,1,0,1
343,0,0,0
344,1,0,1
345,1,0,1
346,1,0,1
347,1,0,1
348,0,0,1
349,1,0,1
350,1,0,1
351,1,0,1
352,1,0,1
353,1,0,1
354,1,0,0
355,1,0,1
356,1,0,1
357,1,0,1
358,1,0,1
359,1,0,1
360,0,0,1
361,1,0,1
362,1,0,1
363,1,0,1
364,1,0,1
365,1,0,1
366,1,0,1
367,0,0,1
368,1,0,1
369,1,0,1
370,1,0,1
371,1,0,1
372,1,0,1
373,1,0,1
374,1,0,1
375,1,0,1
376,1,0,1
377,0,0,0
378,0,0,1
379,0,0,0
380,0,0,0
381,1,0,0
382,0,0,1
383,1,0,1
384,1,0,1
385,0,0,1
386,0,0,1
387,0,0,0
388,0,0,0
389,0,0,0
390,0,0,0
391,1,0,0
392,1,0,0
393,1,0,0
394,0,0,0
395,1,0,1
396,1,0,0
397,0,0,1
398,0,0,1
399,0,0,1
400,0,0,1
401,1,0,1
402,1,0,1
403,1,0,1
404,0,0,1
405,1,0,1
406,0,0,1
407,1,0,1
408,0,0,0
409,1,0,1
410,1,0,1
411,0,0,1
412,0,0,0
413,0,0,0
414,0,0,0
415,0,0,1
416,0,0,1
417,0,0,1
418,1,0,1
419,1,0,1
420,0,0,1
421,0,0,1
422,0,0,1
423,0,0,0
424,0,0,0
425,0,0,1
426,0,0,1
427,0,0,1
428,1,0,1
429,1,0,1
430,0,0,1
431,0,0,1
432,0,0,1
433,0,0,1
434,0,0,1
435,0,0,1
436,0,0,1
437,0,0,1
438,0,0,1
439,0,0,1
440,0,0,0
441,0,0,0
442,0,0,1
443,0,0,1
444,0,0,1
445,0,0,1
446,0,0,1
447,0,0,1
448,0,0,1
449,0,0,1
450,1,0,1
451,1,0,1
452,1,0,1
453,0,0,1
454,0,0,1
455,0,0,1
456,0,0,1
457,1,0,1
458,1,0,1
459,1,0,0
460,1,0,1
461,0,0,0
462,1,0,1
463,1,0,1
464,1,0,1
465,1,0,1
466,1,0,1
467,1,0,0
468,1,0,1
469,0,0,1
470,0,0,1
471,0,0,1
472,0,0,1
473,0,0,1
474,0,0,1
475,0,0,1
476,0,0,1
477,0,0,1
478,0,0,1
479,0,0,1
480,1,0,0
481,0,0,1
482,0,0,1
483,0,0,1
484,0,0,1
485,0,0,1
486,0,0,1
487,0,0,0
488,0,0,0
489,0,0,1
490,0,0,1
491,0,0,1
492,0,0,1
493,0,0,1
494,0,0,1
495,0,0,1
496,0,0,1
497,0,0,1
498,0,0,1
499,1,0,1
500,1,0,0
501,1,0,1
502,0,0,1
503,0,0,1
504,0,0,1
505,0,0,1
506,0,0,1
507,0,0,1
508,0,0,1
509,1,0,1
510,0,0,1
511,0,0,1
512,1,0,0
513,1,0,1
514,0,0,1
515,0,0,1
516,0,0,1
517,0,0,0
518,1,0,1
519,0,0,1
520,1,0,1
521,1,0,1
522,1,0,1
523,1,0,1
524,0,0,0
525,0,0,1
526,0,0,1
527,0,0,1
528,0,0,1
529,0,0,1
530,0,0,0
531,0,0,1
532,0,0,1
533,0,0,1
534,0,0,1
535,0,0,1
536,0,0,1
537,0,0,1
538,0,0,1
539,0,0,1
540,0,0,1
541,0,0,0
542,0,0,1
543,0,0,1
544,0,0,0
545,1,0,1
546,0,0,1
547,0,0,1
548,1,0,1
549,0,0,1
550,0,0,1
551,0,0,0
552,0,0,0
553,0,0,1
554,0,0,0
555,0,0,1
556,0,0,1
557,0,0,1
558,0,0,1
559,1,0,1
560,1,0,1
561,1,0,1
562,1,0,1
563,0,0,1
564,0,0,1
565,1,0,0
566,0,0,1
567,0,0,0
568,1,0,1
569,1,0,1
570,1,0,1
571,1,0,1
572,0,0,0
573,0,0,0
574,0,0,1
575,0,0,1
576,0,0,1
577,0,0,0
578,0,0,1
579,0,0,1
580,1,0,1
581,0,0,0
582,0,0,1
583,1,0,1
584,1,0,1
585,1,0,1
586,1,0,1
587,1,0,0
588,0,0,1
589,1,0,0
590,1,0,1
591,1,0,1
592,1,0,1
593,0,0,1
594,0,0,1
595,0,0,1
596,0,0,1
597,0,0,1
598,0,0,1
599,1,0,1
600,0,0,1
601,0,0,1
602,0,0,1
603,0,0,1
604,0,0,1
605,1,0,0
606,0,0,1
607,1,0,1
608,1,0,1
609,0,0,1
610,0,0,1
611,0,0,1
612,0,0,1
613,0,0,1
614,0,0,1
615,0,0,1
616,0,0,0
617,1,0,1
618,0,0,1
619,0,0,0
620,0,0,0
621,0,0,1
622,1,0,1
623,0,0,1
624,0,0,1
625,1,0,1
626,0,0,1
627,1,0,1
628,0,0,1
629,1,0,1
630,0,0,1
631,1,0,1
632,0,0,1
633,1,0,1
634,1,0,0
635,0,0,1
636,0,0,1
637,0,0,1
638,0,0,1
639,0,0,0
640,1,0,1
641,0,0,1
642,0,0,1
643,0,0,1
644,0,0,1
645,0,0,1
646,0,0,1
647,0,0,1
648,0,0,1
649,0,0,1
650,0,0,1
651,0,0,1
652,1,0,1
653,0,0,1
654,0,0,1
655,0,0,1
656,0,0,1
657,1,0,1
658,0,0,1
659,0,0,1
660,0,0,0
661,0,0,1
662,0,0,1
663,1,0,1
664,0,0,1
665,0,0,1
666,0,0,1
667,0,0,0
668,0,0,0
669,1,0,1
670,1,0,1
671,1,0,0
672,0,0,1
673,1,0,1
674,0,0,1
675,0,0,1
676,0,0,1
677,1,0,1
678,0,0,0
679,0,0,1
680,1,0,1
681,0,0,0
682,1,0,1
683,0,0,1
684,0,0,1
685,0,0,1
686,0,0,1
687,1,0,1
688,0,0,1
689,0,0,1
690,0,0,1
691,0,0,1
692,0,0,1
693,0,0,1
694,0,0,1
695,0,0,1
696,0,0,1
697,1,0,1
698,0,0,1
699,1,0,1
700,0,0,1
701,0,0,1
702,1,0,1
703,1,0,1
704,1,0,1
705,0,0,0
706,0,0,1
707,0,0,1
708,1,0,1
709,0,0,0
710,1,0,1
711,1,0,1
712,1,0,1
713,1,0,1
714,0,0,1
715,1,0,0
716,0,0,1
717,1,0,1
718,1,0,1
719,1,0,1
720,0,0,0
721,1,0,1
722,1,0,1
723,1,0,1
724,1,0,1
725,1,0,1
726,1,0,1
727,1,0,1
728,1,0,0
729,1,0,1
730,1,0,1
731,1,0,1
732,1,0,1
733,1,0,1
734,1,0,1
735,1,0,1
736,1,0,1
737,1,0,1
738,1,0,1
739,1,0,1
740,1,0,1
741,1,0,1
742,1,0,1
743,0,0,1
744,0,0,0
745,1,0,0
746,1,0,0
747,0,0,1
748,0,0,1
749,0,0,1
750,0,0,1
751,0,0,1
752,0,0,1
753,0,0,1
754,0,0,1
755,0,0,1
756,0,0,1
757,0,0,1
758,0,0,1
759,0,0,1
760,0,0,1
761,0,0,1
762,0,0,1
763,0,0,1
764,0,0,1
765,1,0,1
766,0,0,1
767,1,0,1
768,0,0,1
769,0,0,1
770,0,0,1
771,1,0,1
772,0,0,1
773,0,0,1
774,0,0,1
775,1,0,1
776,0,0,1
777,1,0,1
778,0,0,1
779,1,0,1
780,1,0,1
781,0,0,1
782,0,0,1
783,0,0,0
784,0,0,1
785,0,0,1
786,0,0,1
787,0,0,1
788,1,0,1
789,1,0,1
790,1,0,1
791,0,0,1
792,0,0,1
793,0,0,1
794,0,0,1
795,1,0,1
796,0,0,1
797,1,0,1
798,0,0,0
799,0,0,0
800,0,0,0
801,0,0,1
802,0,0,1
803,0,0,1
804,0,0,1
805,0,0,1
806,0,0,1
807,0,0,1
808,0,1,1
809,0,1,1
810,0,0,1
811,0,0,0
812,1,0,1
813,0,0,0
814,1,0,1
815,0,0,1
816,1,0,0
817,0,0,1
818,0,0,1
819,0,0,1
820,0,0,1
821,0,0,1
822,0,0,1
823,0,0,1
824,1,0,1
825,0,0,1
826,0,0,0
827,0,0,1
828,0,0,0
829,1,0,1
830,0,0,1
831,1,1,1
832,1,1,1
833,0,0,1
834,0,0,1
835,0,0,0
836,0,0,1
837,0,0,1
838,0,0,1
839,0,0,0
840,0,0,1
841,0,0,1
842,0,0,1
843,0,0,1
844,1,0,1
845,0,0,1
846,0,0,1
847,0,0,1
848,0,0,1
849,0,0,1
850,0,0,1
851,0,0,1
852,0,0,0
853,0,0,1
854,0,0,1
855,0,0,1
856,0,0,1
857,0,0,1
858,0,0,1
859,0,0,0
860,0,0,1
861,0,0,1
862,1,0,1
863,0,0,1
864,0,0,1
865,0,0,0
866,1,0,1
867,1,0,1
868,0,0,1
869,0,0,1
870,0,0,1
871,0,0,1
872,0,0,1
873,0,0,1
874,0,0,1
875,0,0,1
876,0,0,1
877,0,0,1
878,1,0,1
879,0,0,1
880,0,0,1
881,0,0,1
882,1,0,1
883,0,0,1
884,0,0,1
885,1,0,1
886,1,0,1
887,0,0,1
888,0,0,1
889,0,0,1
890,0,0,1
891,0,0,1
892,0,0,1
893,1,0,1
894,0,0,1
895,0,0,0
896,0,0,0
897,0,0,1
898,0,0,1
899,0,0,1
900,0,0,1
901,0,0,1
902,1,0,1
903,0,0,0
904,0,0,1
905,0,0,1
906,0,0,1
907,1,0,1
908,1,0,1
909,1,0,1
910,0,0,1
911,0,0,0
912,0,0,1
913,0,0,1
914,1,0,1
915,1,0,1
916,1,0,1
917,1,0,1
918,1,0,1
919,1,0,1
920,1,0,1
921,0,0,1
922,1,0,1
923,1,0,1
924,0,0,1
925,1,0,0
926,0,0,1
927,0,0,1
928,0,0,1
929,0,0,1
930,1,0,1
931,0,0,1
932,0,0,1
933,0,0,1
934,0,0,1
935,0,0,1
936,1,0,0
937,0,0,1
938,0,0,1
939,0,0,0
940,1,0,1
941,0,0,0
942,1,0,0
943,1,0,0
944,1,0,1
945,0,0,1
946,0,0,1
947,1,0,1
948,1,0,1
949,1,0,1
950,1,0,1
951,0,0,1
952,0,0,1
953,0,0,1
954,0,0,1
955,0,0,1
956,0,0,1
957,0,0,1
958,0,0,1
959,1,0,1
960,1,0,1
961,1,0,1
962,0,0,1
963,0,0,1
964,0,0,1
965,0,0,1
966,0,0,0
967,1,0,1
968,1,0,1
969,1,0,1
970,1,0,1
971,0,0,1
972,0,0,1
973,1,0,1
974,1,0,1
975,0,0,0
976,0,0,0
977,0,1,1
978,0,1,1
979,1,0,1
980,1,0,1
981,0,0,0
982,0,0,0
983,0,0,1
984,1,0,1
985,1,0,1
986,0,0,1
987,1,0,1
988,0,0,1
989,1,0,1
990,0,0,1
991,0,0,1
992,0,0,1
993,1,0,1
994,0,0,1
995,1,0,1
996,1,0,1
997,0,0,1
998,0,0,1
999,0,0,1
1000,0,0,1
1001,1,0,1
1002,0,0,1
1003,0,0,1
1004,0,0,1
1005,0,0,1
1006,0,0,1
1007,0,0,1
1008,1,0,1
1009,1,0,1
1010,1,0,1
1011,0,0,1
1012,1,0,1
1013,1,0,1
1014,0,0,1
1015,0,0,1
1016,0,0,0
1017,1,0,1
1018,0,0,1
1019,0,0,1
1020,0,0,0
1021,0,0,1
1022,0,0,1
1023,0,0,1
1024,0,0,1
1025,0,0,1
1026,0,0,1
1027,0,0,1
1028,0,0,1
1029,1,0,1
1030,1,0,1
1031,0,0,1
1032,0,0,1
1033,0,0,1
1034,0,0,1
1035,0,0,1
1036,0,0,1
1037,0,0,1
1038,0,0,1
1039,1,0,1
1040,1,0,1
1041,1,0,1
1042,1,0,1
1043,1,0,1
1044,0,0,1
1045,0,0,0
1046,0,0,0
1047,1,0,1
1048,1,0,1
1049,1,0,1
1050,0,0,1
1051,1,0,1
1052,0,0,1
1053,0,0,1
1054,0,0,1
1055,1,0,1
1056,0,0,1
1057,0,0,1
1058,0,0,1
1059,1,0,1
1060,1,0,1
1061,1,0,1
1062,1,0,1
1063,0,0,1
1064,0,0,0
1065,0,0,1
1066,0,0,0
1067,0,0,1
1068,0,0,0
1069,0,0,0
1070,0,0,0
1071,0,0,0
1072,1,1,1
1073,1,1,1
1074,0,0,1
1075,0,0,1
1076,0,0,1
1077,0,0,1
1078,0,0,1
1079,0,0,1
1080,0,0,0
1081,0,0,1
1082,0,0,1
1083,0,0,1
1084,0,0,1
1085,0,0,1
1086,0,0,1
1087,0,0,1
1088,0,0,0
1089,0,0,0
1090,0,0,1
1091,0,0,1
1092,0,0,1
1093,0,0,1
1094,0,0,1
1095,0,0,0
1096,0,0,1
1097,0,0,1
1098,0,0,1
1099,0,0,1
1100,0,0,1
1101,0,0,1
1102,0,0,0
1103,0,0,1
1104,0,0,1
1105,0,0,1
1106,0,0,1
1107,1,0,1
1108,0,0,1
1109,1,0,1
1110,0,0,1
1111,0,0,1
1112,0,0,0
1113,0,0,1
1114,0,0,1
1115,0,0,1
1116,1,0,1
1117,1,0,1
1118,1,0,1
1119,0,0,1
1120,0,0,1
1121,0,0,0
1122,0,0,1
1123,0,0,0
1124,0,0,1
1125,0,0,1
1126,0,0,1
1127,0,1,1
1128,0,1,1
1129,0,0,1
1130,0,0,1
1131,0,0,1
1132,0,0,1
1133,0,0,0
1134,0,0,1
1135,0,0,1
1136,0,0,1
1137,0,1,1
1138,0,1,1
1139,0,0,1
1140,0,0,1
1141,0,0,1
1142,1,0,1
1143,1,0,1
1144,1,0,1
1145,1,0,1
1146,1,0,1
1147,1,0,1
1148,1,0,1
1149,1,0,1
1150,0,0,0
1151,0,0,1
1152,0,0,1
1153,1,0,1
1154,1,0,1
1155,1,0,0
1156,1,0,0
1157,0,0,1
1158,0,0,1
1159,0,0,1
1160,0,0,1
1161,1,0,1
1162,1,0,1
1163,0,0,1
1164,0,0,1
1165,1,0,1
1166,1,0,1
1167,0,0,0
1168,0,0,0
1169,0,0,1
1170,0,0,1
1171,0,0,0
1172,0,0,0
1173,1,0,1
1174,0,0,1
1175,0,0,1
1176,1,0,1
1177,1,0,1
1178,1,0,1
1179,1,0,1
1180,1,0,1
1181,0,0,1
1182,0,0,0
1183,1,0,1
1184,1,1,1
1185,1,1,1
1186,0,0,1
1187,0,0,1
1188,0,0,1
1189,1,0,1
1190,1,0,1
1191,0,0,1
1192,1,0,1
1193,1,0,1
1194,0,0,1
1195,1,0,1
1196,1,0,1
1197,0,0,1
1198,0,0,0
1199,0,0,1
1200,0,0,1
1201,1,0,1
1202,0,0,1
1203,0,0,1
1204,0,0,1
1205,0,0,1
1206,0,0,1
1207,0,0,1
1208,0,0,0
1209,1,0,0
1210,1,0,1
1211,0,0,1
1212,0,0,1
1213,0,0,1
1214,0,0,1
1215,0,0,1
1216,0,0,1
1217,0,0,0
1218,0,0,0
1219,0,0,1
1220,0,0,1
1221,0,0,1
1222,0,0,1
1223,0,0,1
1224,0,0,1
1225,0,0,1
1226,0,0,0
1227,0,0,1
1228,0,1,0
1229,0,1,0
1230,0,0,1
1231,0,0,0
1232,0,0,0
1233,0,0,1
1234,0,0,1
1235,0,0,0
1236,0,0,1
1237,0,0,1
1238,0,0,1
1239,0,0,0
1240,0,0,0
1241,0,0,0
1242,0,0,1
1243,0,0,1
1244,1,0,1
1245,1,0,1
1246,0,0,1
1247,0,0,1
1248,0,0,1
1249,0,0,1
1250,0,0,0
1251,0,0,0
1252,0,0,1
1253,0,0,1
1254,0,0,1
1255,1,0,1
1256,1,0,1
1257,1,0,1
1258,0,0,0
1259,0,0,1
1260,1,0,1
1261,0,0,1
1262,0,0,1
1263,0,0,1
1264,1,0,1
1265,1,0,1
1266,1,0,1
1267,0,0,1
1268,0,0,1
1269,1,0,1
1270,1,0,1
1271,1,0,1
1272,1,0,1
1273,0,0,1
1274,0,0,1
1275,1,0,0
1276,0,0,1
1277,1,0,1
1278,0,0,1
1279,1,0,0
1280,1,0,0
1281,0,0,1
1282,1,0,0
1283,0,0,0
1284,0,0,1
1285,1,0,1
1286,0,0,0
1287,0,0,0
1288,0,0,1
1289,0,0,1
1290,0,0,1
1291,0,0,1
1292,0,0,1
1293,1,0,1
1294,0,0,1
1295,0,0,1
1296,0,0,1
1297,0,0,1
1298,1,0,1
1299,1,0,1
1300,0,0,1
1301,0,0,1
1302,1,0,1
1303,1,0,1
1304,0,0,1
1305,0,0,1
1306,0,0,1
1307,0,0,1
1308,0,0,1
1309,0,0,1
1310,0,0,1
1311,0,0,1
1312,0,0,1
1313,0,0,1
1314,0,0,1
1315,0,0,1
1316,0,0,1
1317,1,0,1
1318,1,0,0
1319,0,0,1
1320,0,0,1
1321,0,0,1
1322,1,0,1
1323,1,0,1
1324,1,0,1
1325,0,0,1
1326,0,0,1
1327,0,0,1
1328,0,0,1
1329,0,0,0
1330,0,0,1
1331,0,0,1
1332,0,0,1
1333,1,0,1
1334,1,0,1
1335,1,0,1
1336,0,0,0
1337,0,0,1
1338,0,0,1
1339,0,0,1
1340,0,0,1
1341,0,0,1
1342,0,0,0
1343,0,0,1
1344,1,0,1
1345,1,0,1
1346,1,0,1
1347,0,0,0
1348,1,0,1
1349,0,0,0
1350,0,0,1
1351,0,0,1
1352,0,0,1
1353,0,0,1
1354,0,0,1
1355,0,0,1
1356,1,0,1
1357,0,0,1
1358,0,0,1
1359,0,0,1
1360,0,0,1
1361,1,0,0
1362,1,0,1
1363,1,0,1
1364,0,0,1
1365,0,0,1
1366,0,0,1
1367,0,0,0
1368,0,0,0
1369,1,0,1
1370,0,0,1
1371,0,0,1
1372,0,0,1
1373,0,0,1
1374,0,0,1
1375,0,0,0
1376,0,0,0
1377,0,0,1
1378,0,0,1
1379,0,0,1
1380,0,0,1
1381,0,0,1
1382,0,0,1
1383,0,0,0
1384,0,0,1
1385,0,0,1
1386,0,0,1
1387,0,0,1
1388,0,0,1
1389,0,0,1
1390,0,0,1
1391,0,0,0
1392,0,0,1
1393,0,0,1
1394,0,0,1
1395,1,0,1
1396,0,0,1
1397,0,0,1
1398,1,0,1
1399,1,0,1
1400,0,0,0
1401,0,0,0
1402,0,0,1
1403,0,0,1
1404,1,0,1
1405,0,0,1
1406,0,0,1
1407,0,0,1
1408,1,0,1
1409,1,0,1
1410,0,0,0
1411,1,0,1
1412,0,0,1
1413,1,0,1
1414,0,0,1
1415,0,0,1
1416,0,0,1
1417,0,0,1
1418,0,0,1
1419,0,0,1
1420,0,0,0
1421,0,0,1
1422,0,0,1
1423,1,0,1
1424,0,0,1
1425,0,0,1
1426,0,0,1
1427,0,0,0
1428,0,0,1
1429,0,0,0
1430,0,0,1
1431,0,0,0
1432,0,0,0
1433,0,0,1
1434,0,0,1
1435,0,0,1
1436,0,0,1
1437,0,0,1
1438,0,0,0
1439,0,0,1
1440,0,0,0
1441,0,0,1
1442,1,0,1
1443,1,0,1
1444,0,0,1
1445,0,0,1
1446,0,0,0
1447,0,0,0
1448,0,0,0
1449,0,0,1
1450,0,0,1
1451,0,0,1
1452,0,0,1
1453,0,0,1
1454,0,0,1
1455,0,0,0
1456,1,0,1
1457,0,0,1
1458,0,0,1
1459,0,0,1
1460,0,0,1
1461,1,0,1
1462,1,0,1
1463,1,0,1
1464,1,0,1
1465,0,0,1
1466,0,1,1
1467,0,1,1
1468,0,0,1
1469,1,0,1
1470,1,0,1
1471,0,0,1
1472,0,0,1
1473,0,0,1
1474,1,0,1
1475,0,0,1
1476,0,0,1
1477,0,1,1
1478,0,1,1
1479,0,0,1
1480,0,0,1
1481,0,0,0
1482,0,0,0
1483,0,0,0
1484,0,0,0
1485,1,0,1
1486,0,0,1
1487,0,0,1
1488,0,0,1
1489,0,0,1
1490,0,0,1
1491,0,0,1
1492,0,0,1
1493,1,0,1
1494,1,0,1
1495,0,0,1
1496,1,0,1
1497,1,0,1
1498,0,0,1
1499,0,0,1
1500,0,0,1
1501,1,0,1
1502,1,0,1
1503,0,0,1
1504,0,0,1
1505,1,0,1
1506,1,0,1
1507,1,0,1
1508,1,0,1
1509,0,0,1
1510,1,0,1
1511,1,0,1
1512,0,0,1
1513,0,0,1
1514,1,0,1
1515,0,0,0
1516,1,0,1
1517,1,0,1
1518,1,0,1
1519,1,0,1
1520,1,0,1
1521,1,0,1
1522,0,0,1
1523,1,0,1
1524,0,0,1
1525,0,0,1
1526,1,0,1
1527,1,0,1
1528,1,0,1
1529,1,0,1
1530,1,0,1
1531,1,0,1
1532,1,0,1
1533,0,0,1
1534,0,0,1
1535,0,0,1
1536,0,0,1
1537,0,0,1
1538,0,0,1
1539,0,0,1
1540,1,0,1
1541,1,0,1
1542,1,0,1
1543,1,0,1
1544,0,0,1
1545,1,0,1
1546,1,1,1
1547,1,1,1
1548,1,0,1
1549,1,0,1
1550,0,0,1
1551,0,0,1
1552,0,0,0
1553,1,0,1
1554,1,0,1
1555,0,0,1
1556,0,0,1
1557,1,0,1
1558,0,0,1
1559,0,0,1
1560,0,0,1
1561,0,0,1
1562,1,0,1
1563,1,0,1
1564,1,0,0
1565,1,0,1
1566,0,0,1
1567,0,0,1
1568,0,0,1
1569,1,0,1
1570,0,0,0
1571,0,0,0
1572,1,0,1
1573,1,0,1
1574,0,0,0
1575,1,0,1
1576,0,0,1
1577,1,0,1
1578,1,0,1
1579,0,0,1
1580,1,0,1
1581,0,0,1
1582,1,0,1
1583,1,0,1
1584,1,0,1
1585,1,0,0
1586,0,0,0
1587,1,0,1
1588,0,0,1
1589,0,0,1
1590,1,0,1
1591,0,0,1
1592,0,0,1
1593,0,0,1
1594,0,0,1
1595,0,0,1
1596,0,0,1
1597,0,0,1
1598,1,0,1
1599,0,0,1
1600,0,0,1
1601,0,0,1
1602,0,0,1
1603,1,1,1
1604,1,1,1
1605,0,0,1
1606,0,0,1
1607,0,0,1
1608,1,0,1
1609,0,0,1
1610,1,0,1
1611,0,0,1
1612,0,0,1
1613,0,0,1
1614,0,0,1
1615,0,0,1
1616,0,0,1
1617,0,0,1
1618,0,0,1
1619,0,0,1
1620,0,0,1
1621,0,0,1
1622,0,0,1
1623,0,0,0
1624,0,0,0
1625,0,0,1
1626,0,0,1
1627,0,0,1
1628,0,0,1
1629,0,0,0
1630,0,0,1
1631,0,0,0
1632,0,0,1
1633,0,0,1
1634,0,0,0
1635,0,0,1
1636,0,0,0
1637,0,0,0
1638,1,0,1
1639,1,0,1
1640,1,0,1
1641,1,0,0
1642,1,0,1
1643,1,0,0
1644,1,0,1
1645,1,0,0
1646,0,0,1
1647,0,0,1
1648,0,0,1
1649,0,0,0
1650,0,0,0
1651,1,0,1
1652,0,0,1
1653,1,0,1
1654,1,0,1
1655,0,0,1
1656,1,0,1
1657,1,0,1
1658,0,0,1
1659,1,0,1
1660,1,0,1
1661,0,0,1
1662,0,0,1
1663,0,0,1
1664,0,0,1
1665,0,0,1
1666,0,0,1
1667,1,0,1
1668,0,0,1
1669,0,0,1
1670,0,0,1
1671,0,0,1
1672,0,0,1
1673,0,0,1
1674,0,0,1
1675,1,0,1
1676,0,0,1
1677,0,0,1
1678,0,0,0
1679,0,0,1
1680,0,0,1
1681,0,0,1
1682,0,0,1
1683,1,0,1
1684,1,0,1
1685,0,0,1
1686,0,0,0
1687,0,0,0
1688,0,0,1
1689,0,0,1
1690,0,0,1
1691,0,0,0
1692,0,0,1
1693,0,0,1
1694,0,0,1
1695,0,0,1
1696,0,0,0
1697,0,0,1
1698,0,0,1
1699,0,0,0
1700,0,0,0
1701,0,0,0
1702,0,0,0
1703,0,0,0
1704,1,0,1
1705,0,0,0
1706,1,0,1
1707,0,0,1
1708,1,0,1
1709,0,0,1
1710,1,0,0
1711,0,0,1
1712,0,0,0
1713,1,0,1
1714,0,0,1
1715,0,0,0
1716,0,0,0
1717,0,0,0
1718,1,0,1
1719,1,0,1
1720,0,0,1
1721,0,0,1
1722,1,0,1
1723,1,0,1
1724,1,0,1
1725,1,0,1
1726,0,0,1
1727,1,0,1
1728,0,0,1
1729,0,0,1
1730,0,0,1
1731,0,0,1
1732,0,0,1
1733,0,0,1
1734,0,0,0
1735,0,0,1
1736,0,0,1
1737,0,0,1
1738,0,0,1
1739,0,0,1
1740,0,0,0
1741,1,0,1
1742,1,0,1
1743,0,0,1
1744,0,0,1
1745,0,0,1
1746,0,0,1
1747,0,0,0
1748,0,0,0
1749,0,0,1
1750,0,0,1
1751,0,0,0
1752,1,0,0
1753,0,0,1
1754,0,0,1
1755,1,0,1
1756,1,0,1
1757,0,0,1
1758,0,0,1
1759,0,0,1
1760,0,0,1
1761,0,0,1
1762,0,0,0
1763,0,0,0
1764,1,0,1
1765,1,0,1
1766,1,0,1
1767,0,0,1
1768,0,0,1
1769,0,0,1
1770,0,0,1
1771,0,0,0
1772,0,0,1
1773,0,0,1
1774,1,0,1
1775,1,0,1
1776,0,0,1
1777,0,0,1
1778,0,0,1
1779,1,0,1
1780,0,0,1
1781,0,0,1
1782,0,1,0
1783,0,1,0
1784,1,0,1
1785,1,0,1
1786,1,0,1
1787,0,0,1
1788,1,0,1
1789,0,0,1
1790,0,0,1
1791,0,0,0
1792,0,0,1
1793,0,0,1
1794,1,0,0
1795,0,0,1
1796,0,0,1
1797,1,0,1
1798,1,0,1
1799,0,0,1
1800,0,0,1
1801,0,0,1
1802,0,0,1
1803,0,0,1
1804,0,0,1
1805,0,0,1
1806,0,0,1
1807,0,0,1
1808,0,0,0
1809,0,0,0
1810,0,0,1
1811,0,0,0
1812,0,0,0
1813,0,0,0
1814,0,0,0
1815,0,0,1
1816,0,0,1
1817,0,0,0
1818,0,0,1
1819,0,0,1
1820,0,0,1
1821,1,0,1
1822,0,0,0
1823,0,0,0
1824,0,0,0
1825,1,0,1
1826,1,0,1
1827,1,0,1
1828,1,0,1
1829,1,0,1
1830,1,0,1
1831,1,0,1
1832,0,0,1
1833,0,0,1
1834,1,0,1
1835,0,0,1
1836,0,0,1
1837,0,0,1
1838,0,0,1
1839,1,0,1
1840,1,0,1
1841,0,0,1
1842,1,0,1
1843,1,0,1
1844,0,0,1
1845,0,0,1
1846,1,0,0
1847,0,0,0
1848,1,0,1
1849,0,0,1
1850,0,0,0
1851,0,0,0
1852,1,0,1
1853,1,0,1
1854,1,0,1
1855,0,0,0
1856,1,0,1
1857,1,0,1
1858,1,0,1
1859,1,0,1
1860,0,0,1
1861,0,0,1
1862,1,0,1
1863,1,0,1
1864,0,0,1
1865,0,0,1
1866,1,0,1
1867,1,0,1
1868,1,0,1
1869,0,0,1
1870,1,0,1
1871,0,0,1
1872,1,0,1
1873,1,0,1
1874,1,0,0
1875,1,0,0
1876,0,0,0
1877,1,0,1
1878,0,0,0
1879,1,0,0
1880,1,0,1
1881,1,0,0
1882,1,0,1
1883,1,0,0
1884,0,0,0
1885,1,0,0
1886,0,0,0
1887,0,0,0
1888,1,0,0
1889,1,0,0
1890,0,0,1
1891,0,0,1
1892,0,0,1
1893,0,0,1
1894,0,0,1
1895,1,0,1
1896,0,0,1
1897,1,0,1
1898,0,0,1
1899,0,0,1
1900,0,0,1
1901,1,1,0
1902,1,1,0
1903,0,0,1
1904,0,0,1
1905,0,0,1
1906,0,0,1
1907,0,0,1
1908,0,0,1
1909,0,0,1
1910,0,0,1
1911,0,0,1
1912,0,0,1
1913,0,0,1
1914,0,0,1
1915,0,0,1
1916,0,0,1
1917,0,0,1
1918,0,0,1
1919,0,0,1
1920,1,0,1
1921,0,0,1
1922,0,0,1
1923,0,0,1
1924,0,0,1
1925,0,0,1
1926,0,0,1
1927,0,0,0
1928,0,0,0
1929,0,0,1
1930,0,0,1
1931,0,0,1
1932,0,0,0
1933,0,0,1
1934,0,0,1
1935,1,0,1
1936,0,0,1
1937,0,0,1
1938,0,0,1
1939,0,0,1
1940,0,0,1
1941,1,0,1
1942,0,0,1
1943,0,0,1
1944,0,0,1
1945,0,0,1
1946,0,0,0
1947,0,0,1
1948,0,0,1
1949,0,0,1
1950,0,0,1
1951,0,0,1
1952,0,0,0
1953,0,0,1
1954,0,0,1
1955,0,0,1
1956,0,0,0
1957,0,0,1
1958,0,0,1
1959,0,0,1
1960,0,0,1
1961,0,0,1
1962,0,0,1
1963,0,0,1
1964,1,0,1
1965,0,0,1
1966,0,0,0
1967,0,0,0
1968,0,1,0
1969,0,1,0
1970,1,0,1
1971,0,0,1
1972,0,0,1
1973,0,0,1
1974,0,0,1
1975,1,0,1
1976,0,0,1
1977,0,0,1
1978,0,0,0
1979,1,0,0
1980,1,0,0
1981,0,0,1
1982,0,0,1
1983,0,0,1
1984,0,0,1
1985,0,0,1
1986,1,0,1
1987,1,0,1
1988,1,0,1
1989,0,0,1
1990,0,0,1
1991,1,0,1
1992,0,0,1
1993,0,0,1
1994,0,0,1
1995,0,0,1
1996,0,0,1
1997,0,0,1
1998,0,0,1
1999,0,0,1
2000,0,0,1
2001,0,0,1
2002,1,0,1
2003,0,0,1
2004,0,0,1
2005,0,0,1
2006,0,0,1
2007,1,0,1
2008,0,0,0
2009,0,0,1
2010,0,0,1
2011,0,0,0
2012,0,0,0
2013,1,0,1
2014,1,0,1
2015,0,0,1
2016,0,0,1
2017,0,0,1
2018,1,0,1
2019,0,0,1
2020,0,0,1
2021,0,0,1
2022,1,0,1
2023,0,0,1
2024,0,0,1
2025,1,0,1
2026,0,0,1
2027,0,0,1
2028,0,0,1
2029,1,0,1
2030,0,0,1
2031,0,0,1
2032,0,0,1
2033,0,0,0
2034,0,0,1
2035,0,0,1
2036,1,0,1
2037,0,0,1
2038,0,0,1
2039,1,0,1
2040,1,0,1
2041,1,0,1
2042,1,0,1
2043,1,0,1
2044,0,0,1
2045,0,0,1
2046,0,0,1
2047,1,0,1
2048,0,0,1
2049,1,0,1
2050,0,0,1
2051,0,0,1
2052,0,1,0
2053,0,1,0
2054,0,1,0
2055,0,0,1
2056,0,0,1
2057,0,0,1
2058,0,0,1
2059,1,0,1
2060,1,0,1
2061,0,0,1
2062,0,0,1
2063,0,0,1
2064,0,0,1
2065,0,0,0
2066,0,0,1
2067,1,0,1
2068,0,0,0
2069,0,0,1
2070,0,0,1
2071,0,0,1
2072,1,0,1
2073,0,0,1
2074,1,0,1
2075,1,0,1
2076,1,0,1
2077,0,0,1
2078,1,0,0
2079,0,0,1
2080,0,0,1
2081,0,0,1
2082,0,0,1
2083,0,0,1
2084,1,0,1
2085,0,0,1
2086,0,0,1
2087,0,0,1
2088,1,0,0
2089,1,0,1
2090,1,0,1
2091,1,0,1
2092,1,0,1
2093,0,0,1
2094,1,0,1
2095,1,0,1
2096,1,0,1
2097,1,0,1
2098,1,0,1
2099,1,0,1
2100,1,0,1
2101,0,0,1
2102,1,0,1
2103,1,0,1
2104,0,0,0
2105,0,0,1
2106,1,0,1
2107,1,0,0
2108,1,0,1
2109,1,0,1
2110,0,0,1
2111,1,0,0
2112,1,0,1
2113,1,0,1
2114,1,0,1
2115,1,0,1
2116,1,0,1
2117,1,0,0
2118,0,0,1
2119,0,0,1
2120,1,0,1
2121,1,0,1
2122,0,0,1
2123,1,0,1
2124,0,0,1
2125,0,0,1
2126,1,0,1
2127,0,0,1
2128,1,0,1
2129,0,0,0
2130,0,0,0
2131,1,0,1
2132,1,0,1
2133,0,0,1
2134,0,0,0
2135,0,0,0
2136,0,0,0
2137,0,0,1
2138,1,0,1
2139,0,0,0
2140,0,0,0
2141,0,0,0
2142,1,0,1
2143,0,0,1
2144,0,0,1
2145,0,0,0
2146,1,0,1
2147,1,0,1
2148,1,0,1
2149,0,0,1
2150,0,0,1
2151,0,0,1
2152,1,0,1
2153,1,0,1
2154,1,0,1
2155,1,0,1
2156,0,0,1
2157,1,0,1
2158,0,0,1
2159,1,0,1
2160,1,0,1
2161,1,0,1
2162,1,0,1
2163,0,0,1
2164,0,0,1
2165,0,0,1
2166,1,0,1
2167,1,0,1
2168,1,0,1
2169,0,0,1
2170,0,0,0
2171,0,0,0
2172,1,0,1
2173,1,0,1
2174,0,0,0
2175,1,0,1
2176,1,0,1
2177,0,0,1
2178,1,0,1
2179,0,0,0
2180,0,0,0
2181,0,0,0
2182,0,0,1
2183,0,0,1
2184,0,0,1
2185,0,0,0
2186,0,0,1
2187,0,0,1
2188,0,0,0
2189,1,0,1
2190,0,0,1
2191,0,0,1
2192,1,0,1
2193,1,0,1
2194,1,0,1
2195,0,0,1
2196,1,0,1
2197,0,0,1
2198,0,0,1
2199,0,0,1
2200,0,0,1
2201,0,0,1
2202,1,0,0
2203,0,0,1
2204,0,0,0
2205,0,0,0
2206,0,0,0
2207,0,0,1
2208,1,0,1
2209,1,0,1
2210,1,0,1
2211,1,0,1
2212,0,0,1
2213,0,0,1
2214,0,0,1
2215,0,0,0
2216,0,0,1
2217,1,0,1
2218,1,0,1
2219,0,0,1
2220,0,0,0
2221,0,0,1
2222,0,1,1
2223,0,1,1
2224,0,0,1
2225,1,0,1
2226,0,0,1
2227,0,0,1
2228,0,0,1
2229,0,0,1
2230,1,0,1
2231,1,0,1
2232,1,0,1
2233,0,0,1
2234,0,0,0
2235,1,0,1
2236,1,0,1
2237,0,0,1
2238,0,0,1
2239,0,0,1
2240,1,0,1
2241,0,0,1
2242,1,0,1
2243,0,0,1
2244,0,0,1
2245,0,0,1
2246,0,0,1
2247,0,0,1
2248,0,0,1
2249,0,0,1
2250,0,0,1
2251,0,0,1
2252,0,0,1
2253,1,0,1
2254,1,0,1
2255,0,0,1
2256,0,0,0
2257,0,0,1
2258,0,0,1
2259,0,0,1
2260,0,0,1
2261,0,0,1
2262,0,0,1
2263,1,0,1
2264,0,0,1
2265,0,0,1
2266,1,0,1
2267,1,0,1
2268,1,0,0
2269,0,0,1
2270,1,0,1
2271,0,0,1
2272,1,0,1
2273,0,0,1
2274,1,0,1
2275,1,0,1
2276,0,0,0
2277,0,0,1
2278,0,0,1
2279,0,0,1
2280,1,0,1
2281,1,0,1
2282,0,0,1
2283,0,0,0
2284,1,0,0
2285,0,1,1
2286,0,1,1
2287,0,0,1
2288,0,0,1
2289,0,0,1
2290,0,0,0
2291,1,0,1
2292,0,0,1
2293,1,0,1
2294,0,0,1
2295,0,0,1
2296,0,0,0
2297,0,0,1
2298,0,0,0
2299,0,0,1
2300,1,0,1
2301,0,0,1
2302,0,0,1
2303,0,0,1
2304,0,0,1
2305,0,0,1
2306,0,0,1
2307,1,0,0
2308,1,0,1
2309,1,0,1
2310,0,0,1
2311,0,0,1
2312,0,0,1
2313,0,0,1
2314,0,0,0
2315,0,0,1
2316,0,0,1
2317,0,0,1
2318,0,0,1
2319,0,0,1
2320,0,0,1
2321,0,0,1
2322,0,0,1
2323,0,0,1
2324,0,0,0
2325,0,0,1
2326,1,0,1
2327,0,0,1
2328,0,0,1
2329,1,0,1
2330,1,0,1
2331,1,0,1
2332,1,0,1
2333,0,0,1
2334,0,0,1
2335,1,0,1
2336,0,1,1
2337,0,1,1
2338,0,0,1
2339,1,0,1
2340,0,0,1
2341,0,0,1
2342,0,0,1
2343,0,0,0
2344,0,0,0
2345,1,0,1
2346,1,0,1
2347,1,0,1
2348,0,0,1
2349,1,0,1
2350,1,0,1
2351,1,0,1
2352,0,0,1
2353,0,0,1
2354,0,0,1
2355,0,0,1
2356,1,0,1
2357,0,0,1
2358,0,0,1
2359,0,0,1
2360,1,0,1
2361,1,0,1
2362,0,0,1
2363,0,0,1
2364,0,0,1
2365,1,0,1
2366,0,0,1
2367,1,0,1
2368,0,0,1
2369,0,0,1
2370,1,0,1
2371,0,0,1
2372,0,0,1
2373,1,0,1
2374,0,0,1
2375,0,0,1
2376,0,0,1
2377,0,0,1
2378,0,0,1
2379,0,0,1
2380,0,0,1
2381,1,0,1
2382,0,0,0
2383,0,0,1
2384,0,0,1
2385,0,0,1
2386,0,0,1
2387,0,0,1
2388,0,0,1
2389,0,0,1
2390,0,0,1
2391,1,0,1
2392,0,0,1
2393,0,0,1
2394,0,0,1
2395,0,0,1
2396,0,0,0
2397,0,0,1
2398,0,0,1
2399,0,0,1
2400,0,0,1
2401,0,0,0
2402,0,0,0
2403,0,0,1
2404,0,0,1
2405,0,0,1
2406,0,0,1
2407,0,0,1
2408,0,0,1
2409,0,0,1
2410,0,0,1
2411,0,0,1
2412,0,0,1
2413,0,0,1
2414,1,0,1
2415,0,0,1
2416,0,0,1
2417,0,0,1
2418,0,0,1
2419,1,0,1
2420,0,0,1
2421,1,0,1
2422,0,0,1
2423,0,0,1
2424,1,0,1
2425,0,0,1
2426,1,0,1
2427,0,0,1
2428,1,0,1
2429,0,0,1
2430,1,0,1
2431,1,0,1
2432,0,0,1
2433,0,0,1
2434,0,0,1
2435,0,0,1
2436,0,0,0
2437,0,0,1
2438,1,0,1
2439,1,0,1
2440,0,0,0
2441,1,0,1
2442,0,0,0
2443,0,0,1
2444,0,0,1
2445,0,0,0
2446,0,0,1
2447,1,0,1
2448,1,0,1
2449,1,0,1
2450,1,0,1
2451,0,0,1
2452,0,0,1
2453,0,0,1
2454,0,0,1
2455,1,0,1
2456,0,0,1
2457,0,0,1
2458,0,0,0
2459,1,0,1
2460,1,0,1
2461,0,0,1
2462,0,0,1
2463,0,0,1
2464,0,0,1
2465,0,0,1
2466,1,0,1
2467,1,0,1
2468,0,0,1
2469,0,0,1
2470,0,0,1
2471,0,0,1
2472,0,0,1
2473,0,0,0
2474,0,0,1
2475,0,0,1
2476,0,0,1
2477,0,0,1
2478,0,0,1
2479,1,0,1
2480,0,0,1
2481,0,0,1
2482,1,0,1
2483,1,0,1
2484,1,0,1
2485,1,0,1
2486,1,0,1
2487,1,0,1
2488,1,0,1
2489,0,0,1
2490,0,0,1
2491,1,0,1
2492,1,0,1
2493,1,0,1
2494,0,0,1
2495,0,0,1
2496,0,0,1
2497,1,0,1
2498,1,0,1
2499,0,0,1
2500,0,0,1
2501,0,0,1
2502,0,0,1
2503,1,0,1
2504,0,0,1
2505,0,0,1
2506,1,0,1
2507,1,0,1
2508,1,0,1
2509,0,0,1
2510,1,0,1
2511,1,0,1
2512,1,0,1
2513,0,0,1
2514,0,0,1
2515,0,0,1
2516,0,0,0
2517,0,0,0
2518,0,0,1
2519,0,0,1
2520,0,0,1
2521,0,0,1
2522,0,0,1
2523,0,0,1
2524,0,0,1
2525,0,0,1
2526,0,0,1
2527,0,0,1
2528,0,0,1
2529,0,0,1
2530,0,0,1
2531,0,0,1
2532,1,0,1
2533,0,0,1
2534,1,0,1
2535,0,0,1
2536,0,0,1
2537,1,0,1
2538,1,0,1
2539,0,0,1
2540,0,0,0
2541,0,0,1
2542,1,0,1
2543,1,0,1
2544,0,0,0
2545,0,0,1
2546,1,0,1
2547,0,0,1
2548,0,0,1
2549,0,0,1
2550,0,0,1
2551,0,0,1
2552,0,0,1
2553,0,0,1
2554,0,0,1
2555,1,0,1
2556,0,0,1
2557,1,0,1
2558,0,0,1
2559,1,0,0
2560,0,0,1
2561,0,0,1
2562,1,0,1
2563,0,0,1
2564,0,0,1
2565,0,0,1
2566,1,0,1
2567,1,0,1
2568,0,0,1
2569,0,0,1
2570,0,0,1
2571,0,0,1
2572,0,0,1
2573,0,0,1
2574,1,0,1
2575,0,0,1
2576,0,0,1
2577,1,0,1
2578,1,0,1
2579,0,0,1
2580,0,0,0
2581,0,0,1
2582,0,0,1
2583,1,0,1
2584,0,0,1
2585,0,0,1
2586,0,0,1
2587,0,0,1
2588,0,0,1
2589,0,0,0
2590,0,0,0
2591,0,0,1
2592,0,0,1
2593,0,0,1
2594,0,0,1
2595,0,0,0
2596,0,0,1
2597,0,0,1
2598,0,0,0
2599,0,0,1
2600,0,0,1
2601,0,0,1
2602,0,0,1
2603,0,0,0
2604,0,0,1
2605,0,0,1
2606,0,0,1
2607,0,0,1
2608,1,0,1
2609,1,0,1
2610,0,0,1
2611,0,0,1
2612,0,0,1
2613,0,0,1
2614,0,0,1
2615,0,0,1
2616,0,0,0
2617,0,0,1
2618,0,0,1
2619,0,0,1
2620,0,0,1
2621,1,0,0
2622,0,0,1
2623,0,0,1
2624,1,0,1
2625,1,0,1
2626,1,0,1
2627,1,0,1
2628,1,0,1
2629,1,0,1
2630,0,0,1
2631,0,0,0
2632,0,0,1
2633,0,0,1
2634,1,0,1
2635,0,0,1
2636,1,0,1
2637,0,0,0
2638,0,0,0
2639,1,0,1
2640,1,0,1
2641,0,0,1
2642,0,0,0
2643,1,0,1
2644,0,0,1
2645,0,0,0
2646,0,0,1
2647,1,0,1
2648,0,0,1
2649,0,0,1
2650,1,0,1
2651,1,0,1
2652,0,0,1
2653,1,0,1
2654,1,0,1
2655,0,0,1
2656,1,0,1
2657,1,0,1
2658,1,0,1
2659,0,0,0
2660,0,0,0
2661,1,0,1
2662,0,0,0
2663,0,0,1
2664,0,0,1
2665,0,0,1
2666,1,0,1
2667,1,0,1
2668,1,0,1
2669,0,1,1
2670,0,1,1
2671,1,0,1
2672,0,0,0
2673,0,0,1
2674,0,0,1
2675,0,0,1
2676,1,0,0
2677,1,0,1
2678,1,0,1
2679,1,0,1
2680,0,0,1
2681,0,0,0
2682,0,0,1
2683,0,0,0
2684,0,0,1
2685,1,0,1
2686,1,0,1
2687,1,0,1
2688,0,0,1
2689,0,0,1
2690,0,0,1
2691,0,0,1
2692,0,0,1
2693,0,0,0
2694,0,0,0
2695,1,0,1
2696,0,0,1
2697,0,0,0
2698,1,0,1
2699,1,0,1
2700,0,0,0
2701,0,0,0
2702,0,0,1
2703,0,0,1
2704,1,0,1
2705,0,0,1
2706,1,0,1
2707,0,0,1
2708,0,0,1
2709,0,0,1
2710,0,0,1
2711,0,0,1
2712,0,0,1
2713,0,0,0
2714,0,0,1
2715,0,0,1
2716,0,0,1
2717,0,0,1
2718,0,0,1
2719,0,0,1
2720,0,0,1
2721,0,0,1
2722,0,0,1
2723,0,0,1
2724,0,0,1
2725,0,0,1
2726,0,0,1
2727,0,0,1
2728,0,0,1
2729,0,0,1
2730,0,0,1
2731,0,0,1
2732,0,0,1
2733,0,0,1
2734,0,0,0
2735,0,0,1
2736,0,0,1
2737,0,0,1
2738,0,0,1
2739,0,0,1
2740,0,0,1
2741,0,0,1
2742,0,0,1
2743,0,0,1
2744,0,0,1
2745,0,0,1
2746,0,0,1
2747,1,0,1
2748,0,0,1
2749,0,0,1
2750,0,0,1
2751,0,0,1
2752,0,0,1
2753,0,0,1
2754,0,0,0
2755,0,0,1
2756,0,0,1
2757,0,0,1
2758,0,0,1
2759,0,0,1
2760,0,0,1
2761,0,0,1
2762,0,0,1
2763,0,1,1
2764,0,1,1
2765,0,0,1
2766,0,0,1
2767,0,0,1
2768,0,0,1
2769,0,0,1
2770,0,0,0
2771,0,0,1
2772,0,0,1
2773,0,0,1
2774,0,0,0
2775,0,0,1
2776,0,0,1
2777,0,0,1
2778,1,0,1
2779,1,0,1
2780,1,0,1
2781,1,0,1
2782,0,0,1
2783,0,0,1
2784,0,0,1
2785,0,0,1
2786,1,0,1
2787,1,0,1
2788,1,0,1
2789,1,0,0
2790,1,0,0
2791,1,0,1
2792,1,0,1
2793,1,0,1
2794,0,0,1
2795,1,0,1
2796,0,0,1
2797,0,0,0
2798,1,0,1
2799,1,0,1
2800,0,0,1
2801,0,0,1
2802,1,0,1
2803,1,0,1
2804,0,0,1
2805,0,0,0
2806,0,0,0
2807,0,0,1
2808,0,0,1
2809,1,0,1
2810,0,0,1
2811,1,0,1
2812,1,0,1
2813,0,0,1
2814,0,0,1
2815,0,0,1
2816,0,0,1
2817,0,0,1
2818,0,0,1
2819,0,0,1
2820,0,0,1
2821,1,0,1
2822,0,0,0
2823,1,0,1
2824,0,0,1
2825,1,0,1
2826,0,0,1
2827,0,0,1
2828,0,0,1
2829,0,0,1
2830,0,0,1
2831,0,0,1
2832,0,0,1
2833,0,0,1
2834,0,0,1
2835,0,0,1
2836,0,0,1
2837,0,0,1
2838,0,0,1
2839,0,0,1
2840,0,0,1
2841,0,0,1
2842,0,1,1
2843,0,1,1
2844,0,0,0
2845,0,0,1
2846,0,0,1
2847,0,0,1
2848,0,0,0
2849,0,0,1
2850,0,0,1
2851,0,0,1
2852,0,0,1
2853,0,0,1
2854,0,0,1
2855,1,0,1
2856,0,0,1
2857,0,0,1
2858,0,0,0
2859,0,0,0
2860,0,0,1
2861,0,0,0
2862,0,0,1
2863,0,0,1
2864,0,0,1
2865,0,0,1
2866,0,0,1
2867,0,0,1
2868,0,0,1
2869,0,0,1
2870,0,0,1
2871,0,0,1
2872,0,0,0
2873,0,0,1
2874,0,0,1
2875,0,0,1
2876,0,0,1
2877,0,0,1
2878,1,0,1
2879,1,0,1
2880,0,0,1
2881,0,0,1
2882,0,0,1
2883,1,0,1
2884,1,0,1
2885,1,0,0
2886,1,0,1
2887,0,0,1
2888,0,0,1
2889,0,0,1
2890,0,0,1
2891,0,0,1
2892,0,0,1
2893,0,0,1
2894,0,0,0
2895,1,0,0
2896,1,0,1
2897,1,0,1
2898,1,0,1
2899,1,0,1
2900,1,0,1
2901,1,0,1
2902,1,0,1
2903,1,0,1
2904,1,0,0
2905,1,0,1
2906,1,0,1
2907,0,0,1
2908,0,0,1
2909,0,0,0
2910,0,0,0
2911,0,0,1
2912,1,0,1
2913,1,0,1
2914,1,0,1
2915,0,0,1
2916,0,0,1
2917,0,0,1
2918,0,0,1
2919,0,0,1
2920,1,0,0
2921,1,0,1
2922,0,0,0
2923,0,0,1
2924,0,0,1
2925,1,0,1
2926,1,0,1
2927,1,0,1
2928,1,0,1
2929,1,0,1
2930,1,0,1
2931,1,0,1
2932,0,0,1
2933,1,0,1
2934,1,0,1
2935,0,0,1
2936,1,0,1
2937,1,0,1
2938,1,0,1
2939,1,0,1
2940,0,0,1
2941,0,0,1
2942,0,0,1
2943,0,0,1
2944,1,0,0
2945,1,0,1
2946,1,0,1
2947,0,0,0
2948,0,0,0
2949,1,0,1
2950,1,0,1
2951,0,0,0
2952,1,0,1
2953,1,0,1
2954,1,0,1
2955,0,0,1
2956,0,0,1
2957,1,0,1
2958,0,0,0
2959,0,0,0
2960,0,0,1
2961,0,0,1
2962,0,0,1
2963,0,0,1
2964,1,0,1
2965,0,0,1
2966,0,0,1
2967,0,0,1
2968,1,0,1
2969,0,0,1
2970,0,0,1
2971,0,0,0
2972,1,0,1
2973,0,0,1
2974,0,0,1
2975,1,0,1
2976,1,0,1
2977,0,0,1
2978,1,0,1
2979,1,0,1
2980,0,0,1
2981,1,0,1
2982,1,0,1
2983,0,0,1
2984,0,0,1
2985,1,0,1
2986,1,0,1
2987,0,0,1
2988,1,0,1
2989,1,0,1
2990,1,0,1
2991,0,0,1
2992,0,0,0
2993,0,0,1
2994,1,0,1
2995,0,0,0
2996,0,0,0
2997,0,0,0
2998,0,0,1
2999,0,0,1
3000,1,0,1
3001,0,0,1
3002,0,0,1
3003,0,0,1
3004,0,0,1
3005,0,0,1
3006,0,0,1
3007,0,0,1
3008,0,0,0
3009,0,0,1
3010,1,0,1
3011,0,0,1
3012,1,0,1
3013,0,0,1
3014,0,0,1
3015,0,0,0
3016,0,0,1
3017,1,0,1
3018,0,0,1
3019,0,0,1
3020,0,0,1
3021,0,0,1
3022,0,0,0
3023,0,0,1
3024,0,0,1
3025,0,0,1
3026,0,0,1
3027,0,0,0
3028,0,0,1
3029,0,0,0
3030,0,0,1
3031,0,0,1
3032,0,0,1
3033,0,0,1
3034,0,0,1
3035,1,0,0
3036,0,0,1
3037,0,0,1
3038,1,0,1
3039,1,0,1
3040,0,0,1
3041,0,0,1
3042,0,0,1
3043,0,0,1
3044,0,0,1
3045,0,0,1
3046,0,0,1
3047,0,0,1
3048,0,0,1
3049,0,0,1
3050,0,0,1
3051,1,0,1
3052,0,0,0
3053,0,0,1
3054,1,0,1
3055,0,0,1
3056,0,0,1
3057,0,0,1
3058,0,0,1
3059,0,0,1
3060,0,0,1
3061,1,0,1
3062,1,0,1
3063,1,0,1
3064,0,0,1
3065,0,0,1
3066,0,1,1
3067,0,1,1
3068,0,0,1
3069,0,0,1
3070,0,0,1
3071,0,0,1
3072,0,0,1
3073,0,0,1
3074,1,0,1
3075,1,0,1
3076,0,0,1
3077,0,0,1
3078,0,0,1
3079,0,0,1
3080,0,0,1
3081,0,0,1
3082,0,0,1
3083,0,0,1
3084,0,0,1
3085,0,0,1
3086,0,0,1
3087,0,0,1
3088,0,0,1
3089,0,0,1
3090,0,0,1
3091,0,0,0
3092,0,0,1
3093,0,0,0
3094,0,0,1
3095,1,0,1
3096,0,0,1
3097,1,0,1
3098,0,0,1
3099,0,0,1
3100,0,0,1
3101,1,0,1
3102,0,0,1
3103,0,0,1
3104,0,0,1
3105,1,0,1
3106,1,0,1
3107,0,0,1
3108,1,0,1
3109,1,0,1
3110,0,0,1
3111,0,0,0
3112,0,0,1
3113,1,0,1
3114,0,0,1
3115,0,0,1
3116,1,0,0
3117,1,0,1
3118,1,0,1
3119,0,0,1
3120,1,0,1
3121,0,0,1
3122,0,0,1
3123,1,0,1
3124,0,0,1
3125,1,1,1
3126,1,1,1
3127,1,0,1
3128,0,0,1
3129,0,0,1
3130,0,0,1
3131,0,0,1
3132,0,0,1
3133,0,0,1
3134,0,0,1
3135,0,0,1
3136,1,0,1
3137,0,0,1
3138,0,0,1
3139,1,0,1
3140,1,0,1
3141,0,0,1
3142,0,0,1
3143,1,0,1
3144,0,0,1
3145,0,0,1
3146,0,0,0
3147,0,0,1
3148,1,0,1
3149,1,0,1
3150,0,0,1
3151,0,0,1
3152,1,0,1
3153,1,0,0
3154,0,0,1
3155,0,0,1
3156,1,0,1
3157,1,0,1
3158,0,0,1
3159,1,0,1
3160,0,0,1
3161,1,0,1
3162,1,0,1
3163,1,0,1
3164,1,0,1
3165,0,0,1
3166,0,0,1
3167,1,0,1
3168,1,0,1
3169,1,0,1
3170,1,0,1
3171,0,0,1
3172,0,0,1
3173,0,0,1
3174,0,0,1
3175,0,0,1
3176,1,0,1
3177,1,0,0
3178,1,0,1
3179,1,0,1
3180,1,0,1
3181,0,0,1
3182,0,0,1
3183,0,0,1
3184,1,0,1
3185,1,0,1
3186,1,0,1
3187,0,0,1
3188,0,0,1
3189,0,0,1
3190,1,0,1
3191,0,0,1
3192,0,0,1
3193,0,0,1
3194,1,0,1
3195,1,0,1
3196,1,0,1
3197,1,0,1
3198,0,0,1
3199,1,0,1
3200,1,0,1
3201,1,0,1
3202,1,0,1
3203,0,0,1
3204,1,0,0
3205,0,0,1
3206,0,0,1
3207,0,0,1
3208,0,0,1
3209,0,0,1
3210,0,0,1
3211,0,0,1
3212,0,0,1
3213,0,0,1
3214,0,0,1
3215,1,0,1
3216,0,0,1
3217,0,0,1
3218,0,0,1
3219,1,0,1
3220,1,0,1
3221,0,0,1
3222,0,0,1
3223,0,0,1
3224,0,0,1
3225,0,0,1
3226,0,0,1
3227,0,0,1
3228,0,0,1
3229,0,0,1
3230,1,0,1
3231,0,0,1
3232,0,0,1
3233,0,0,1
3234,0,0,1
3235,0,0,1
3236,0,0,1
3237,0,0,1
3238,0,0,0
3239,0,0,1
3240,0,0,1
3241,0,0,1
3242,0,0,1
3243,0,0,1
3244,0,0,1
3245,0,0,1
3246,0,0,1
3247,0,0,1
3248,0,0,1
3249,0,0,1
3250,0,0,1
3251,0,0,1
3252,0,0,1
3253,0,0,0
3254,1,0,1
3255,0,0,1
3256,0,0,1
3257,1,0,1
3258,1,0,1
3259,1,0,1
3260,1,0,1
3261,0,0,1
3262,0,0,0
3263,0,0,1
3264,1,0,1
3265,0,0,1
3266,1,0,1
3267,0,0,1
3268,0,0,0
3269,0,0,1
3270,1,0,1
3271,0,0,1
3272,0,0,0
3273,1,0,1
3274,1,0,1
3275,1,0,1
3276,1,0,0
3277,0,0,0
3278,0,0,0
3279,0,0,1
3280,0,0,1
3281,1,0,1
3282,0,0,0
3283,0,0,1
3284,0,0,1
3285,0,0,1
3286,0,0,1
3287,0,0,1
3288,0,0,1
3289,1,0,1
3290,0,0,1
3291,0,0,1
3292,0,0,1
3293,0,0,1
3294,0,0,0
3295,0,0,1
3296,0,0,1
3297,0,0,1
3298,0,0,1
3299,0,0,1
3300,0,0,1
3301,0,0,1
3302,0,0,0
3303,1,0,1
3304,0,0,1
3305,0,0,1
3306,0,0,1
3307,0,0,1
3308,0,0,1
3309,0,0,1
3310,0,0,1
3311,0,0,0
3312,1,0,1
3313,0,0,1
3314,1,0,1
3315,0,0,1
3316,0,0,1
3317,0,0,1
3318,1,0,1
3319,1,0,1
3320,1,0,1
3321,0,0,1
3322,0,0,1
3323,1,0,1
3324,0,0,1
3325,0,0,1
3326,1,0,1
3327,0,0,1
3328,0,0,1
3329,1,0,1
3330,0,0,1
3331,1,0,1
3332,0,0,1
3333,0,0,1
3334,0,0,1
3335,1,0,1
3336,0,0,1
3337,0,0,1
3338,0,0,1
3339,0,0,1
3340,1,0,1
3341,0,0,1
3342,1,0,1
3343,0,0,1
3344,0,0,0
3345,0,0,1
3346,1,0,1
3347,0,0,1
3348,0,0,0
3349,1,0,1
3350,0,0,1
3351,1,0,1
3352,1,0,1
3353,1,0,1
3354,1,0,1
3355,1,0,1
3356,0,0,0
3357,1,0,1
3358,1,0,1
3359,0,0,1
3360,0,0,0
3361,0,0,0
3362,0,0,0
3363,0,0,1
3364,1,1,0
3365,1,1,0
3366,1,0,0
3367,0,0,1
3368,0,0,1
3369,0,0,1
3370,0,0,1
3371,0,0,1
3372,0,0,0
3373,1,0,1
3374,0,0,1
3375,0,0,1
3376,0,0,1
3377,0,0,1
3378,0,0,1
3379,0,0,1
3380,0,0,1
3381,0,0,1
3382,1,0,1
3383,0,0,1
3384,0,0,1
3385,0,0,1
3386,1,0,1
3387,0,0,1
3388,0,0,1
3389,0,0,1
3390,0,0,1
3391,0,0,1
3392,1,0,1
3393,1,0,1
3394,1,0,1
3395,0,0,1
3396,1,0,1
3397,0,0,1
3398,1,0,1
3399,1,0,1
3400,0,0,1
3401,0,0,1
3402,0,0,1
3403,1,0,1
3404,0,0,1
3405,0,0,1
3406,0,0,1
3407,1,0,1
3408,1,0,1
3409,0,0,1
3410,0,0,1
3411,0,0,1
3412,0,0,1
3413,0,0,1
3414,0,0,1
3415,0,0,1
3416,0,0,1
3417,0,0,1
3418,0,0,1
3419,0,0,1
3420,0,0,1
3421,0,0,1
3422,0,0,1
3423,0,0,1
3424,0,0,1
3425,0,0,0
3426,0,0,1
3427,0,0,0
3428,0,0,1
3429,0,0,1
3430,0,0,1
3431,0,0,1
3432,0,0,1
3433,0,0,0
3434,0,0,0
3435,0,0,1
3436,0,0,1
3437,1,0,1
3438,0,0,1
3439,1,0,1
3440,0,0,1
3441,0,0,1
3442,0,0,1
3443,0,0,1
3444,0,0,1
3445,1,0,1
3446,0,0,1
3447,0,0,1
3448,1,0,1
3449,0,0,1
3450,0,0,1
3451,0,0,1
3452,0,0,1
3453,0,0,1
3454,0,0,1
3455,0,0,1
3456,0,0,1
3457,0,0,1
3458,0,0,1
3459,0,0,1
3460,0,0,1
3461,0,0,0
3462,1,0,1
3463,1,0,1
3464,0,0,1
3465,1,0,1
3466,0,0,1
3467,0,0,1
3468,0,0,1
3469,0,0,1
3470,1,0,1
3471,1,0,1
3472,1,0,1
3473,1,0,1
3474,0,0,1
3475,0,0,1
3476,1,0,1
3477,0,0,1
3478,0,0,1
3479,0,0,1
3480,0,0,1
3481,0,0,1
3482,0,0,1
3483,1,0,1
3484,1,0,1
3485,0,0,0
3486,1,0,1
3487,0,1,1
3488,0,1,1
3489,0,0,1
3490,0,0,1
3491,1,0,1
3492,1,0,0
3493,0,1,1
3494,0,1,1
3495,0,0,1
3496,0,0,1
3497,1,0,1
3498,1,0,1
3499,1,0,1
3500,1,0,1
3501,1,0,1
3502,0,0,1
3503,0,0,1
3504,1,0,1
3505,1,0,1
3506,1,0,1
3507,1,0,1
3508,0,0,1
3509,0,0,1
3510,0,0,0
3511,0,0,1
3512,0,0,1
3513,0,0,1
3514,0,0,1
3515,0,0,1
3516,0,0,1
3517,1,0,1
3518,1,0,1
3519,1,0,1
3520,1,0,1
3521,0,0,1
3522,0,0,1
3523,0,0,1
3524,0,0,1
3525,0,0,1
3526,1,0,1
3527,0,0,1
3528,0,0,1
3529,1,0,1
3530,0,0,1
3531,0,0,1
3532,0,0,0
3533,1,0,1
3534,0,0,0
3535,0,0,1
3536,0,0,1
3537,1,0,1
3538,1,0,1
3539,0,0,1
3540,0,0,1
3541,0,0,1
3542,0,0,1
3543,0,0,1
3544,0,0,1
3545,0,0,1
3546,0,0,1
3547,0,0,1
3548,1,0,1
3549,0,0,1
3550,0,0,1
3551,0,0,1
3552,0,0,1
3553,0,0,1
3554,0,0,1
3555,0,0,1
3556,1,0,1
3557,1,0,1
3558,1,0,1
3559,0,0,1
3560,0,0,1
3561,1,0,1
3562,1,0,1
3563,1,0,1
3564,0,0,1
3565,0,0,1
3566,0,0,1
3567,0,0,1
3568,0,0,1
3569,0,0,1
3570,1,0,1
3571,0,0,1
3572,0,0,1
3573,0,0,1
3574,0,0,1
3575,0,0,1
3576,0,0,1
3577,0,0,1
3578,1,0,1
3579,1,0,1
3580,1,0,1
3581,0,0,1
3582,0,0,1
3583,1,0,1
3584,0,0,1
3585,1,0,1
3586,1,0,1
3587,1,0,1
3588,0,0,1
3589,0,0,1
3590,0,0,1
3591,0,0,1
3592,0,0,1
3593,0,0,1
3594,1,0,1
3595,0,0,1
3596,0,0,1
3597,1,0,1
3598,0,0,1
3599,0,0,1
3600,0,0,1
3601,1,0,1
3602,0,0,1
3603,0,0,1
3604,0,0,1
3605,0,0,1
3606,0,0,1
3607,1,0,1
3608,0,0,1
3609,1,0,1
3610,0,0,1
3611,1,0,1
3612,0,0,1
3613,0,0,1
3614,0,0,1
3615,0,0,1
3616,0,0,1
3617,1,0,1
3618,1,0,1
3619,0,0,1
3620,0,1,1
3621,0,1,1
3622,0,0,1
3623,0,0,1
3624,0,0,1
3625,0,0,1
3626,0,0,1
3627,1,0,1
3628,0,0,1
3629,0,0,1
3630,1,0,1
3631,0,0,1
3632,0,0,1
3633,1,0,1
3634,0,0,1
3635,0,0,1
3636,1,0,1
3637,0,0,1
3638,0,0,1
3639,1,0,1
3640,0,0,1
3641,0,0,1
3642,0,0,1
3643,0,0,1
3644,0,0,1
3645,0,0,1
3646,0,0,1
3647,0,0,1
3648,0,0,1
3649,0,0,1
3650,1,0,1
3651,0,0,1
3652,0,0,1
3653,1,0,1
3654,0,0,1
3655,1,0,1
3656,0,0,1
3657,0,0,1
3658,0,0,0
3659,0,0,1
3660,0,0,1
3661,0,0,1
3662,0,0,1
3663,0,0,1
3664,1,0,1
3665,1,0,1
3666,0,0,1
3667,0,0,1
3668,0,1,1
3669,0,1,1
3670,1,0,1
3671,0,0,0
3672,0,0,1
3673,1,0,1
3674,0,0,1
3675,0,0,1
3676,1,0,0
3677,0,0,1
3678,0,0,1
3679,0,0,1
3680,0,0,1
3681,1,0,1
3682,1,0,1
3683,0,0,1
3684,0,0,0
3685,1,0,1
3686,1,0,1
3687,1,0,1
3688,1,0,1
3689,0,0,0
3690,1,0,1
3691,0,0,1
3692,0,0,1
3693,1,0,1
3694,1,0,1
3695,1,0,0
3696,0,0,0
3697,1,0,0
3698,1,0,0
3699,1,0,0
3700,1,0,1
3701,1,0,1
3702,0,0,0
3703,1,0,1
3704,0,0,1
3705,0,0,1
3706,0,0,0
3707,0,0,0
3708,1,0,1
3709,1,0,1
3710,0,0,1
3711,1,0,0
3712,0,0,0
3713,1,0,0
3714,0,0,0
3715,0,0,1
3716,1,0,1
3717,0,0,0
3718,0,0,0
3719,0,0,0
3720,1,0,0
3721,0,0,0
3722,1,0,1
3723,1,0,1
3724,1,0,1
3725,0,0,1
3726,1,0,1
3727,1,0,1
3728,1,0,1
3729,1,0,1
3730,1,0,1
3731,1,0,1
3732,1,0,1
3733,1,0,1
3734,1,0,1
3735,1,0,1
3736,1,0,1
3737,1,0,1
3738,1,0,1
3739,1,0,1
3740,1,0,1
3741,1,0,1
3742,1,0,1
3743,1,0,1
3744,1,0,1
3745,1,0,1
3746,1,0,1
3747,1,0,1
3748,1,0,1
3749,1,0,1
3750,1,0,1
3751,1,0,1
3752,1,0,1
3753,0,0,1
3754,1,0,1
3755,0,0,1
3756,0,0,1
3757,0,0,1
3758,0,0,1
3759,0,0,1
3760,0,0,1
3761,1,0,1
3762,0,0,1
3763,0,0,1
3764,0,0,1
3765,0,0,1
3766,0,0,1
3767,0,0,1
3768,0,0,1
3769,0,0,0
3770,1,0,1
3771,1,0,1
3772,1,0,1
3773,1,0,1
3774,1,0,1
3775,1,0,1
3776,0,0,1
3777,1,0,1
3778,1,0,1
3779,1,0,1
3780,1,0,1
3781,1,0,1
3782,0,0,1
3783,1,0,1
3784,1,0,1
3785,1,0,1
3786,1,0,1
3787,1,0,1
3788,1,0,1
3789,1,0,1
3790,1,0,1
3791,1,0,1
3792,1,1,1
3793,1,1,1
3794,1,0,1
3795,1,0,1
3796,1,0,1
3797,1,0,1
3798,1,0,1
3799,1,0,1
3800,0,0,1
3801,0,0,1
3802,1,0,1
3803,1,0,1
3804,1,0,1
3805,1,0,1
3806,1,0,1
3807,1,0,1
3808,0,0,1
3809,0,0,1
3810,0,0,1
3811,1,0,1
3812,0,0,1
3813,1,0,1
3814,1,0,1
3815,1,0,1
3816,1,0,1
3817,1,0,1
3818,1,0,1
3819,0,0,1
3820,1,0,1
3821,1,0,1
3822,0,0,0
3823,1,0,1
3824,1,0,1
3825,0,0,0
3826,1,0,0
3827,1,0,0
3828,1,0,1
3829,1,0,0
3830,1,0,1
3831,1,0,1
3832,1,0,1
3833,1,0,1
3834,1,0,0
3835,1,0,1
3836,0,0,1
3837,1,0,1
3838,0,0,1
3839,0,0,1
3840,0,0,1
3841,0,0,0
3842,0,0,1
3843,0,0,1
3844,0,0,1
3845,1,0,1
3846,0,0,1
3847,0,0,1
3848,0,0,1
3849,0,0,1
3850,1,0,1
3851,1,0,1
3852,1,0,1
3853,1,0,1
3854,0,0,1
3855,1,0,1
3856,1,0,1
3857,1,0,1
3858,1,0,1
3859,0,0,1
3860,0,0,1
3861,1,0,1
3862,0,0,1
3863,1,0,1
3864,1,0,1
3865,1,0,1
3866,1,0,1
3867,0,0,1
3868,0,0,1
3869,0,0,1
3870,0,0,1
3871,0,0,1
3872,0,0,1
3873,0,0,1
3874,0,0,1
3875,0,0,1
3876,0,0,1
3877,0,0,1
3878,1,0,1
3879,1,0,1
3880,1,0,1
3881,0,0,0
3882,0,0,1
3883,1,0,1
3884,1,0,1
3885,1,0,1
3886,0,0,1
3887,0,0,1
3888,0,0,1
3889,0,0,1
3890,0,0,1
3891,0,0,1
3892,1,0,1
3893,1,0,1
3894,1,0,1
3895,1,0,1
3896,0,0,1
3897,1,0,1
3898,1,0,1
3899,1,0,1
3900,0,0,0
3901,1,0,1
3902,0,0,1
3903,1,0,1
3904,1,0,1
3905,1,0,0
3906,1,0,1
3907,1,0,1
3908,1,0,1
3909,1,0,1
3910,1,0,1
3911,1,0,1
3912,0,0,1
3913,1,0,1
3914,1,0,1
3915,0,0,1
3916,0,0,1
3917,1,0,1
3918,0,0,1
3919,0,0,1
3920,1,0,1
3921,0,0,1
3922,1,0,1
3923,1,0,1
3924,1,0,1
3925,0,0,1
3926,1,0,1
3927,1,0,1
3928,1,0,1
3929,1,0,1
3930,0,0,1
3931,1,0,1
3932,1,0,1
3933,1,0,1
3934,1,0,1
3935,0,0,0
3936,1,0,1
3937,1,0,1
3938,1,0,1
3939,1,0,1
3940,1,0,1
3941,1,0,1
3942,1,0,1
3943,0,0,1
3944,0,0,1
3945,0,0,1
3946,1,0,1
3947,0,0,0
3948,0,0,0
3949,0,0,0
3950,0,0,0
3951,1,0,0
3952,0,0,0
3953,1,0,1
3954,1,0,1
3955,0,0,0
3956,0,0,0
3957,0,0,1
3958,1,0,0
3959,1,0,1
3960,0,0,1
3961,0,0,0
3962,0,0,1
3963,0,0,1
3964,0,0,0
3965,0,0,0
3966,1,0,1
3967,0,0,1
3968,1,0,0
3969,0,0,1
3970,0,0,1
3971,0,0,1
3972,0,0,1
3973,0,0,1
3974,0,0,1
3975,1,0,0
3976,0,0,0
3977,0,0,0
3978,0,0,0
3979,1,0,1
3980,1,0,1
3981,1,0,1
3982,1,0,1
3983,1,0,1
3984,0,0,1
3985,0,0,1
3986,0,0,1
3987,1,0,1
3988,0,0,1
3989,0,0,1
3990,0,0,1
3991,0,0,1
3992,0,0,1
3993,1,0,1
3994,1,0,1
3995,0,0,1
3996,1,0,1
3997,0,0,1
3998,0,0,1
3999,1,0,1
4000,0,0,0
4001,1,0,1
4002,1,0,1
4003,0,0,1
4004,0,0,1
4005,0,0,1
4006,0,0,1
4007,0,0,1
4008,0,0,1
4009,0,0,0
4010,0,0,1
4011,0,0,1
4012,1,0,1
4013,1,0,1
4014,1,0,1
4015,1,0,1
4016,0,0,0
4017,1,0,1
4018,1,0,1
4019,1,0,1
4020,0,0,1
4021,0,0,1
4022,1,0,1
4023,1,0,1
4024,1,0,1
4025,1,0,1
4026,0,0,1
4027,0,0,1
4028,1,0,1
4029,1,0,1
4030,1,0,1
4031,1,0,1
4032,0,0,0
4033,0,0,1
4034,1,0,1
4035,0,0,0
4036,1,0,1
4037,1,0,1
4038,1,0,1
4039,0,0,1
4040,0,0,1
4041,1,0,1
4042,1,0,1
4043,1,0,1
4044,0,0,0
4045,1,1,0
4046,1,1,0
4047,1,0,1
4048,0,0,1
4049,0,0,0
4050,1,0,1
4051,1,0,0
4052,1,0,1
4053,0,0,1
4054,1,0,1
4055,1,0,1
4056,1,0,1
4057,1,0,1
4058,1,0,1
4059,0,0,1
4060,0,0,1
4061,0,0,1
4062,1,0,1
4063,1,0,1
4064,1,0,1
4065,1,0,1
4066,1,0,1
4067,1,0,1
4068,1,0,1
4069,1,0,1
4070,1,0,1
4071,1,0,1
4072,1,0,1
4073,1,0,1
4074,0,0,0
4075,0,0,1
4076,1,0,1
4077,1,0,1
4078,1,0,1
4079,0,0,1
4080,1,0,1
4081,0,0,1
4082,0,0,1
4083,0,0,1
4084,0,0,1
4085,0,0,1
4086,0,0,1
4087,0,0,1
4088,0,0,0
4089,0,0,1
4090,0,0,1
4091,0,0,1
4092,0,0,1
4093,0,0,1
4094,0,0,1
4095,0,0,1
4096,0,0,1
4097,0,0,1
4098,0,0,1
4099,0,0,1
4100,1,0,1
4101,1,0,1
4102,0,0,1
4103,0,0,1
4104,0,0,1
4105,0,0,1
4106,0,0,1
4107,0,0,1
4108,0,0,0
4109,0,0,1
4110,0,0,1
4111,0,0,1
4112,0,0,1
4113,0,0,1
4114,0,0,1
4115,0,0,1
4116,0,0,0
4117,0,0,1
4118,0,0,1
4119,0,0,1
4120,0,0,1
4121,0,0,1
4122,0,0,1
4123,1,0,1
4124,0,0,1
4125,1,0,1
4126,1,0,1
4127,1,0,1
4128,0,0,1
4129,0,0,0
4130,1,0,1
4131,1,0,1
4132,0,0,1
4133,1,0,1
4134,1,0,1
4135,1,0,1
4136,1,0,1
4137,0,0,1
4138,0,0,0
4139,1,0,1
4140,1,0,1
4141,0,0,1
4142,0,0,1
4143,1,0,1
4144,1,0,1
4145,1,0,1
4146,0,0,0
4147,1,0,1
4148,1,0,1
4149,0,0,1
4150,0,0,0
4151,0,0,1
4152,1,0,1
4153,1,0,1
4154,1,0,1
4155,1,0,1
4156,1,0,0
4157,1,0,0
4158,0,0,0
4159,1,0,1
4160,1,0,1
4161,1,0,1
4162,1,0,1
4163,1,0,0
4164,1,0,0
4165,1,0,1
4166,1,0,1
4167,0,0,1
4168,0,0,1
4169,0,0,1
4170,0,0,1
4171,0,0,0
4172,0,0,0
4173,0,0,1
4174,0,0,1
4175,1,0,1
4176,1,0,1
4177,0,0,1
4178,0,0,1
4179,1,0,1
4180,0,0,1
4181,1,0,1
4182,1,0,1
4183,1,0,1
4184,1,0,1
4185,1,0,1
4186,1,0,1
4187,1,0,1
4188,1,0,1
4189,1,0,1
4190,1,0,0
4191,1,0,0
4192,0,0,0
4193,1,0,0
4194,1,0,0
4195,1,0,1
4196,1,0,0
4197,1,0,1
4198,0,0,1
4199,1,0,0
4200,1,0,0
4201,0,0,0
4202,0,0,0
4203,0,0,1
4204,1,0,1
4205,1,0,1
4206,1,0,1
4207,1,0,1
4208,1,0,1
4209,0,0,1
4210,0,0,1
4211,0,0,0
4212,1,0,1
4213,1,0,1
4214,0,0,1
4215,1,0,1
4216,0,0,0
4217,1,0,0
4218,1,0,1
4219,0,0,0
4220,1,0,0
4221,1,0,0
4222,1,0,0
4223,0,0,0
4224,0,0,0
4225,0,0,0
4226,1,0,0
4227,1,0,0
4228,1,0,1
4229,1,0,1
4230,0,1,1
4231,0,1,1
4232,1,0,1
4233,1,0,1
4234,0,0,0
4235,0,0,1
4236,0,0,1
4237,1,0,0
4238,0,0,1
4239,1,0,1
4240,0,0,1
4241,0,0,1
4242,0,0,1
4243,1,0,1
4244,1,0,1
4245,1,0,1
4246,1,0,0
4247,1,0,1
4248,1,0,1
4249,1,0,1
4250,0,0,0
4251,1,0,0
4252,1,0,1
4253,1,0,0
4254,0,0,0
4255,0,0,0
4256,0,0,0
4257,1,0,0
4258,1,0,1
4259,1,0,1
4260,0,0,0
4261,1,0,1
4262,1,0,1
4263,1,0,1
4264,0,0,0
4265,1,0,1
4266,0,0,1
4267,0,0,1
4268,0,0,0
4269,1,0,1
4270,0,0,1
4271,0,0,1
4272,0,0,1
4273,0,0,1
4274,0,0,1
4275,0,0,1
4276,0,0,1
4277,1,0,1
4278,0,0,1
4279,0,0,1
4280,0,0,0
4281,0,0,1
4282,0,0,0
4283,1,0,1
4284,1,0,1
4285,0,0,1
4286,0,0,1
4287,0,0,1
4288,0,0,1
4289,0,0,1
4290,1,0,1
4291,1,0,1
4292,0,0,1
4293,1,0,1
4294,0,0,0
4295,0,0,0
4296,1,0,1
4297,1,0,1
4298,1,0,1
4299,1,0,0
4300,0,0,1
4301,0,0,1
4302,0,0,1
4303,1,0,1
4304,0,0,1
4305,1,0,1
4306,1,0,1
4307,0,0,1
4308,0,0,1
4309,0,0,1
4310,0,0,1
4311,1,0,1
4312,0,0,1
4313,0,0,1
4314,0,0,1
4315,0,0,1
4316,1,0,1
4317,0,0,0
4318,1,0,1
4319,1,0,1
4320,0,0,0
4321,0,0,1
4322,1,0,0
4323,0,0,1
4324,1,0,1
4325,0,0,1
4326,0,0,1
4327,1,0,1
4328,1,0,1
4329,0,0,1
4330,1,0,1
4331,0,0,1
4332,0,1,1
4333,0,1,1
4334,1,0,1
4335,0,0,1
4336,1,0,1
4337,1,0,1
4338,1,0,1
4339,0,0,1
4340,1,0,1
4341,1,0,1
4342,1,0,1
4343,0,0,1
4344,0,0,1
4345,0,0,1
4346,1,0,1
4347,1,0,1
4348,0,0,0
4349,1,0,1
4350,0,0,1
4351,0,0,1
4352,0,0,1
4353,0,0,1
4354,1,0,1
4355,1,0,1
4356,0,0,1
4357,1,0,1
4358,1,0,1
4359,0,0,1
4360,1,0,1
4361,0,0,1
4362,0,0,1
4363,0,0,1
4364,0,0,1
4365,0,0,1
4366,0,0,1
4367,0,0,1
4368,0,0,1
4369,0,0,1
4370,1,0,1
4371,1,0,1
4372,0,0,1
4373,0,0,1
4374,1,0,1
4375,1,0,1
4376,1,0,1
4377,0,0,0
4378,0,0,0
4379,0,0,1
4380,0,0,1
4381,1,0,1
4382,0,0,1
4383,1,0,1
4384,1,0,1
4385,1,0,1
4386,0,0,0
4387,1,0,1
4388,0,0,0
4389,0,0,0
4390,0,0,1
4391,0,0,1
4392,0,0,0
4393,0,0,1
4394,1,0,1
4395,0,0,1
4396,0,0,1
4397,0,0,1
4398,0,0,1
4399,0,0,1
4400,0,0,1
4401,0,0,1
4402,1,0,1
4403,0,0,1
4404,0,0,0
4405,0,0,1
4406,0,0,1
4407,0,0,1
4408,0,0,1
4409,0,0,1
4410,1,0,1
4411,0,0,1
4412,0,0,1
4413,0,0,1
4414,0,0,1
4415,0,0,1
4416,0,0,1
4417,0,0,1
4418,0,0,1
4419,1,0,1
4420,1,0,1
4421,1,0,1
4422,1,0,1
4423,1,0,1
4424,1,0,1
4425,0,0,1
4426,0,0,1
4427,1,0,1
4428,0,0,1
4429,0,0,1
4430,1,0,1
4431,1,0,1
4432,1,0,1
4433,1,0,1
4434,0,0,1
4435,1,0,1
4436,0,0,0
4437,0,0,0
4438,1,0,1
4439,1,0,1
4440,0,0,1
4441,1,0,1
4442,1,0,1
4443,1,0,1
4444,1,0,1
4445,1,0,1
4446,1,0,1
4447,0,0,1
4448,1,0,1
4449,0,0,1
4450,0,0,1
4451,0,0,1
4452,0,0,1
4453,1,0,1
4454,1,0,1
4455,1,0,1
4456,1,0,0
4457,1,0,0
4458,1,1,1
4459,1,1,1
4460,1,0,1
4461,0,0,1
4462,0,0,0
4463,0,0,1
4464,0,0,1
4465,1,0,1
4466,1,0,1
4467,1,0,0
4468,0,0,1
4469,0,0,1
4470,0,0,1
4471,0,0,1
4472,0,0,1
4473,0,0,1
4474,1,0,1
4475,0,0,1
4476,0,0,1
4477,1,0,1
4478,0,0,1
4479,0,0,1
4480,0,0,1
4481,0,0,1
4482,0,0,0
4483,0,0,1
4484,0,0,1
4485,1,0,1
4486,1,0,1
4487,0,0,1
4488,0,0,1
4489,1,0,1
4490,0,0,0
4491,0,0,1
4492,0,0,1
4493,1,0,1
4494,0,0,1
4495,1,1,1
4496,1,1,1
4497,0,1,1
4498,0,1,1
4499,1,0,1
4500,0,0,1
4501,0,0,1
4502,1,0,1
4503,1,0,1
4504,0,0,1
4505,0,0,1
4506,0,0,0
4507,0,0,1
4508,0,0,1
4509,1,0,1
4510,0,0,1
4511,0,0,1
4512,0,0,1
4513,0,0,1
4514,0,0,1
4515,0,0,1
4516,0,0,1
4517,0,0,1
4518,0,0,1
4519,0,0,1
4520,1,0,1
4521,1,0,1
4522,0,0,1
4523,0,0,1
4524,0,0,1
4525,0,0,1
4526,0,0,1
4527,0,0,1
4528,0,0,1
4529,0,0,1
4530,0,0,1
4531,1,0,0
4532,0,0,1
4533,0,0,1
4534,0,0,1
4535,0,0,1
4536,0,1,0
4537,0,1,0
4538,0,0,0
4539,0,0,0
4540,0,0,1
4541,0,0,1
4542,0,0,1
4543,0,0,1
4544,0,0,1
4545,1,0,1
4546,0,0,1
4547,0,0,1
4548,0,0,1
4549,0,0,1
4550,1,0,1
4551,0,0,1
4552,0,0,1
4553,0,0,1
4554,0,0,1
4555,1,0,1
4556,1,0,1
4557,1,0,1
4558,1,0,1
4559,0,0,1
4560,1,0,1
4561,1,0,1
4562,0,0,0
4563,1,0,1
4564,1,0,1
4565,1,0,1
4566,1,0,1
4567,1,0,1
4568,1,0,1
4569,0,0,1
4570,0,0,0
4571,1,0,1
4572,0,0,1
4573,1,0,1
4574,0,0,1
4575,1,0,1
4576,1,0,1
4577,1,0,1
4578,1,0,1
4579,0,0,1
4580,0,0,1
4581,0,0,1
4582,0,0,0
4583,1,0,1
4584,1,0,1
4585,1,0,1
4586,1,0,1
4587,1,0,0
4588,1,0,0
4589,0,0,1
4590,0,0,1
4591,1,0,1
4592,1,0,1
4593,1,0,1
4594,1,0,1
4595,0,0,1
4596,0,0,0
4597,0,0,0
4598,1,0,1
4599,1,0,1
4600,1,0,1
4601,1,0,1
4602,1,0,1
4603,1,0,1
4604,1,0,1
4605,1,0,1
4606,1,0,1
4607,0,0,1
4608,0,0,1
4609,0,0,1
4610,1,1,1
4611,1,1,1
4612,0,0,1
4613,0,0,1
4614,0,0,1
4615,0,0,1
4616,0,0,1
4617,1,0,1
4618,1,0,1
4619,1,0,1
4620,1,0,1
4621,1,0,1
4622,1,0,1
4623,0,0,1
4624,0,0,1
4625,1,0,1
4626,1,0,1
4627,1,0,1
4628,0,0,1
4629,0,0,1
4630,0,0,1
4631,0,0,0
4632,1,0,1
4633,0,0,1
4634,1,0,1
4635,0,0,1
4636,0,0,1
4637,0,0,1
4638,1,1,1
4639,1,1,1
4640,1,0,1
4641,1,0,1
4642,0,0,1
4643,1,0,1
4644,1,0,1
4645,1,0,1
4646,1,0,1
4647,1,0,1
4648,1,0,1
4649,1,0,1
4650,1,0,1
4651,0,0,1
4652,0,0,1
4653,0,0,1
4654,0,0,1
4655,0,0,1
4656,0,0,1
4657,0,0,1
4658,0,0,1
4659,1,0,1
4660,1,0,1
4661,1,0,1
4662,0,0,1
4663,0,0,1
4664,1,0,1
4665,1,0,1
4666,1,0,1
4667,1,0,1
4668,0,0,1
4669,1,0,1
4670,1,0,1
4671,1,0,1
4672,0,0,1
4673,1,0,1
4674,1,0,1
4675,1,0,1
4676,1,0,0
4677,1,0,0
4678,0,0,1
4679,1,0,1
4680,1,0,1
4681,0,0,0
4682,0,0,1
4683,1,0,1
4684,0,0,1
4685,1,0,1
4686,0,0,0
4687,1,0,1
4688,1,0,1
4689,1,0,1
4690,0,0,1
4691,0,0,1
4692,0,0,1
4693,0,0,0
4694,0,0,0
4695,1,0,1
4696,1,0,1
4697,0,0,1
4698,0,0,0
4699,0,0,0
4700,1,0,1
4701,0,0,1
4702,0,0,1
4703,1,0,1
4704,0,0,1
4705,0,0,1
4706,0,0,1
4707,1,0,1
4708,0,0,1
4709,1,0,1
4710,1,0,1
4711,1,0,1
4712,0,0,1
4713,0,0,1
4714,0,0,1
4715,0,0,1
4716,0,0,1
4717,0,0,1
4718,0,0,1
4719,0,0,1
4720,0,0,1
4721,0,0,1
4722,0,0,1
4723,0,0,1
4724,0,0,1
4725,1,0,1
4726,0,0,0
4727,0,0,1
4728,1,0,1
4729,0,0,1
4730,1,0,1
4731,0,0,1
4732,0,0,1
4733,0,0,1
4734,1,0,1
4735,1,0,1
4736,0,0,1
4737,0,0,1
4738,0,0,1
4739,0,0,1
4740,0,0,1
4741,0,0,1
4742,0,0,1
4743,1,0,1
4744,0,0,1
4745,0,0,1
4746,0,0,1
4747,0,0,1
4748,0,0,1
4749,1,0,1
4750,1,0,1
4751,1,0,1
4752,1,0,1
4753,0,0,1
4754,1,0,1
4755,1,0,1
4756,1,0,1
4757,1,0,1
4758,1,0,1
4759,1,0,1
4760,0,0,1
4761,0,0,1
4762,1,0,1
4763,0,0,0
4764,1,0,1
4765,1,0,1
4766,1,0,0
4767,0,0,1
4768,1,0,1
4769,0,0,1
4770,1,0,1
4771,1,0,1
4772,1,0,1
4773,0,0,1
4774,1,0,1
4775,1,0,1
4776,1,0,1
4777,1,0,1
4778,1,0,1
4779,1,0,1
4780,0,0,1
4781,1,0,1
4782,0,0,1
4783,1,0,0
4784,1,0,1
4785,1,0,1
4786,1,0,1
4787,1,0,1
4788,0,0,1
4789,0,0,1
4790,0,0,1
4791,0,0,1
4792,0,0,1
4793,0,0,1
4794,0,0,1
4795,0,0,1
4796,0,0,1
4797,0,0,1
4798,0,0,1
4799,1,0,1
4800,1,0,1
4801,1,0,1
4802,0,1,1
4803,0,1,1
4804,1,0,1
4805,1,0,1
4806,0,0,1
4807,1,0,1
4808,0,0,1
4809,0,0,1
4810,0,0,1
4811,0,0,1
4812,0,0,1
4813,1,0,1
4814,0,0,1
4815,0,0,1
4816,0,0,1
4817,1,0,1
4818,1,0,0
4819,1,0,0
4820,0,0,1
4821,1,0,1
4822,1,0,1
4823,0,0,1
4824,1,0,1
4825,1,0,1
4826,1,0,1
4827,1,0,1
4828,0,0,0
4829,0,0,1
4830,0,0,1
4831,0,0,1
4832,1,0,1
4833,0,0,1
4834,0,0,1
4835,0,0,1
4836,0,0,1
4837,1,0,1
4838,1,0,0
4839,1,0,0
4840,0,0,0
4841,0,0,0
4842,1,0,1
4843,1,0,1
4844,0,0,0
4845,1,0,1
4846,1,0,1
4847,1,0,1
4848,1,0,1
4849,1,0,1
4850,1,0,1
4851,0,0,1
4852,1,0,1
4853,1,0,1
4854,1,0,1
4855,0,0,1
4856,0,0,1
4857,0,0,1
4858,1,0,1
4859,1,0,1
4860,1,0,1
4861,1,0,1
4862,1,0,1
4863,1,0,1
4864,0,0,1
4865,1,0,1
4866,1,0,1
4867,0,1,1
4868,0,1,1
4869,0,0,1
4870,1,0,1
4871,1,0,1
4872,1,0,1
4873,1,0,1
4874,0,0,1
4875,0,0,1
4876,0,0,1
4877,0,0,0
4878,0,0,1
4879,0,0,1
4880,1,0,0
4881,1,0,1
4882,1,0,1
4883,1,0,1
4884,0,0,1
4885,1,0,1
4886,0,0,1
4887,0,0,1
4888,1,0,1
4889,0,0,1
4890,0,0,1
4891,0,0,1
4892,0,0,0
4893,0,0,0
4894,1,0,1
4895,0,0,1
4896,1,0,1
4897,1,0,1
4898,1,0,1
4899,1,0,1
4900,1,0,1
4901,1,0,1
4902,0,0,1
4903,0,0,1
4904,0,0,1
4905,1,0,1
4906,0,0,1
4907,0,0,1
4908,0,0,1
4909,0,0,0
4910,0,0,0
4911,0,0,1
4912,0,0,1
4913,0,0,1
4914,0,0,1
4915,1,0,1
4916,0,0,1
4917,0,0,1
4918,0,0,1
4919,0,0,1
4920,0,0,1
4921,0,0,1
4922,0,0,1
4923,0,0,1
4924,0,0,1
4925,0,0,1
4926,0,0,1
4927,0,0,1
4928,0,0,1
4929,0,0,1
4930,1,0,1
4931,0,0,0
4932,0,0,1
4933,0,0,1
4934,0,0,1
4935,0,0,1
4936,0,0,1
4937,0,0,0
4938,0,0,1
4939,1,0,1
4940,0,0,0
4941,1,0,1
4942,0,0,0
4943,0,0,1
4944,0,0,1
4945,1,0,1
4946,1,0,1
4947,1,0,0
4948,1,0,0
4949,0,0,1
4950,0,0,1
4951,0,0,1
4952,1,0,1
4953,1,0,1
4954,0,0,1
4955,0,0,1
4956,0,0,1
4957,0,0,1
4958,0,0,1
4959,1,0,1
4960,1,0,1
4961,1,0,0
4962,0,0,1
4963,1,0,1
4964,1,0,1
4965,0,0,1
4966,0,0,1
4967,1,0,1
4968,1,0,1
4969,0,0,1
4970,0,0,1
4971,0,0,1
4972,1,1,1
4973,1,1,1
4974,1,0,1
4975,0,0,0
4976,1,0,1
4977,1,0,1
4978,1,0,1
4979,1,0,1
4980,1,0,1
4981,0,0,1
4982,0,0,1
4983,0,0,1
4984,1,0,1
4985,0,0,1
4986,0,0,1
4987,0,0,1
4988,0,0,0
4989,0,0,1
4990,0,0,1
4991,1,0,1
4992,1,0,1
4993,0,0,1
4994,0,0,1
4995,0,0,1
4996,0,0,0
4997,0,0,1
4998,1,0,0
4999,1,0,1
5000,1,0,1
5001,1,0,1
5002,1,0,1
5003,1,0,1
5004,1,0,1
5005,0,0,1
5006,1,0,1
5007,0,0,1
5008,0,0,0
5009,1,0,1
5010,1,0,1
5011,1,0,1
5012,1,0,1
5013,1,0,1
5014,1,0,1
5015,0,0,0
5016,1,0,1
5017,1,0,1
5018,1,0,1
5019,0,0,0
5020,1,0,1
5021,1,0,1
5022,1,0,1
5023,1,0,1
5024,0,0,1
5025,0,0,1
5026,1,0,1
5027,1,0,1
5028,1,0,1
5029,1,0,1
5030,1,0,0
5031,1,0,0
5032,1,0,1
5033,0,0,0
5034,1,0,1
5035,0,0,1
5036,1,0,0
5037,1,0,1
5038,0,0,1
5039,0,0,1
5040,0,0,1
5041,1,0,1
5042,1,0,1
5043,0,0,1
5044,1,0,1
5045,1,0,1
5046,1,0,1
5047,1,0,1
5048,1,0,1
5049,0,0,0
5050,1,0,1
5051,0,0,0
5052,1,0,1
5053,1,0,1
5054,1,0,1
5055,1,0,1
5056,1,0,1
5057,1,0,0
5058,1,0,0
5059,1,0,1
5060,1,0,1
5061,0,0,1
5062,1,0,1
5063,1,0,1
5064,1,0,1
5065,0,0,1
5066,1,0,1
5067,0,0,1
5068,0,0,1
5069,0,0,1
5070,1,0,1
5071,0,0,1
5072,0,0,1
5073,0,0,1
5074,0,0,1
5075,1,0,1
5076,1,0,1
5077,1,0,1
5078,1,0,1
5079,1,0,1
5080,1,0,1
5081,1,0,1
5082,0,0,1
5083,1,0,1
5084,1,0,1
5085,1,0,1
5086,1,0,1
5087,0,0,0
5088,1,0,1
5089,1,0,1
5090,0,1,1
5091,0,1,1
5092,0,0,1
5093,0,0,1
5094,0,0,1
5095,0,0,1
5096,1,0,1
5097,1,0,1
5098,1,0,1
5099,1,0,0
5100,1,0,0
5101,0,0,1
5102,0,0,1
5103,0,0,1
5104,1,0,1
5105,1,0,1
5106,0,0,1
5107,1,0,1
5108,1,0,1
5109,1,0,1
5110,1,0,1
5111,0,0,1
5112,0,0,1
5113,0,0,1
5114,1,0,1
5115,1,0,1
5116,1,0,1
5117,1,0,1
5118,1,0,1
5119,0,0,1
5120,1,0,1
5121,1,0,1
5122,1,0,1
5123,0,0,1
5124,0,0,0
5125,1,0,1
5126,1,0,1
5127,1,0,1
5128,1,0,1
5129,1,0,0
5130,0,0,1
5131,1,0,1
5132,1,0,1
5133,1,0,1
5134,1,0,1
5135,1,0,1
5136,0,0,0
5137,1,0,1
5138,0,0,1
5139,1,0,1
5140,0,0,1
5141,1,0,1
5142,1,0,1
5143,1,0,1
5144,0,0,1
5145,1,0,1
5146,1,0,1
5147,1,0,1
5148,0,0,0
5149,0,0,1
5150,1,0,1
5151,1,0,0
5152,0,0,1
5153,1,0,0
5154,1,0,1
5155,1,0,1
5156,1,0,1
5157,1,0,1
5158,0,0,1
5159,1,0,1
5160,0,0,1
5161,1,0,1
5162,1,0,1
5163,0,0,1
5164,1,0,1
5165,1,0,1
5166,0,0,1
5167,1,0,1
5168,0,0,1
5169,1,0,1
5170,1,0,1
5171,1,0,1
5172,1,0,1
5173,0,0,1
5174,0,0,0
5175,1,0,1
5176,1,0,1
5177,1,0,1
5178,1,0,1
5179,0,0,1
5180,1,0,0
5181,1,0,1
5182,0,0,1
5183,1,0,1
5184,1,0,1
5185,1,0,1
5186,0,0,1
5187,1,0,1
5188,1,0,1
5189,1,0,1
5190,0,0,0
5191,1,0,1
5192,1,0,1
5193,1,0,1
5194,1,0,1
5195,1,0,1
5196,0,0,1
5197,0,0,1
5198,0,0,0
5199,0,0,1
5200,1,0,1
5201,0,0,1
5202,0,0,1
5203,1,0,1
5204,0,0,0
5205,1,0,1
5206,0,0,1
5207,1,0,1
5208,0,0,1
5209,1,0,1
5210,1,0,1
5211,0,0,0
5212,1,0,1
5213,0,0,1
5214,1,0,1
5215,1,0,1
5216,1,0,1
5217,1,0,0
5218,1,0,1
5219,0,0,1
5220,0,0,1
5221,0,0,1
5222,0,0,1
5223,0,0,0
5224,0,0,0
5225,0,0,1
5226,1,0,1
5227,0,0,1
5228,0,0,1
5229,1,0,1
5230,1,0,1
5231,1,0,1
5232,1,0,1
5233,1,0,1
5234,1,0,1
5235,1,0,1
5236,0,0,0
5237,0,1,1
5238,0,1,1
5239,1,0,0
5240,1,0,1
5241,1,0,1
5242,1,0,1
5243,1,0,1
5244,1,0,1
5245,1,0,1
5246,1,0,1
5247,1,0,1
5248,1,0,1
5249,0,0,1
5250,1,0,0
5251,1,0,0
5252,1,0,1
5253,1,0,1
5254,0,0,1
5255,1,0,1
5256,1,0,1
5257,1,0,1
5258,1,0,1
5259,1,0,1
5260,1,0,1
5261,1,0,1
5262,0,0,1
5263,1,0,0
5264,0,0,1
5265,1,0,1
5266,1,0,1
5267,0,0,0
5268,1,0,1
5269,1,0,1
5270,1,0,0
5271,0,0,1
5272,0,0,1
5273,0,0,1
5274,0,0,1
5275,1,0,1
5276,1,0,1
5277,1,0,1
5278,1,0,1
5279,0,0,1
5280,0,0,0
5281,0,0,0
5282,1,0,1
5283,1,0,1
5284,1,0,1
5285,1,0,1
5286,1,0,1
5287,1,0,1
5288,0,0,1
5289,0,0,1
5290,1,0,1
5291,1,0,1
5292,0,0,1
5293,0,0,1
5294,1,0,1
5295,1,0,1
5296,1,0,1
5297,1,0,1
5298,1,0,1
5299,1,0,1
5300,1,0,1
5301,1,0,1
5302,1,0,1
5303,1,0,1
5304,1,0,1
5305,1,0,1
5306,0,0,1
5307,0,0,1
5308,0,0,1
5309,0,0,1
5310,1,0,1
5311,1,0,1
5312,1,0,1
5313,1,0,1
5314,0,0,0
5315,0,0,1
5316,0,0,1
5317,0,0,1
5318,0,0,1
5319,0,0,1
5320,0,0,1
5321,0,0,0
5322,1,0,1
5323,0,0,1
5324,0,0,1
5325,0,0,1
5326,1,0,1
5327,0,0,1
5328,0,0,1
5329,0,0,1
5330,0,0,1
5331,0,0,1
5332,0,0,1
5333,0,0,1
5334,0,0,1
5335,0,0,1
5336,0,0,1
5337,1,0,1
5338,0,0,1
5339,0,0,1
5340,0,0,1
5341,0,0,1
5342,0,0,1
5343,0,0,1
5344,0,0,0
5345,1,0,1
5346,1,0,1
5347,1,0,1
5348,0,0,1
5349,0,0,1
5350,0,0,1
5351,0,0,1
5352,0,0,1
5353,1,0,1
5354,0,0,1
5355,0,0,1
5356,0,0,1
5357,1,0,1
5358,1,0,1
5359,0,0,1
5360,0,0,1
5361,0,0,1
5362,1,0,1
5363,0,0,1
5364,1,0,1
5365,1,0,1
5366,1,0,1
5367,0,0,1
5368,0,0,1
5369,0,0,1
5370,1,0,1
5371,0,0,1
5372,0,0,1
5373,0,0,1
5374,0,0,1
5375,0,0,1
5376,1,0,1
5377,0,0,1
5378,0,0,1
5379,0,0,0
5380,0,0,0
5381,0,0,1
5382,0,0,1
5383,0,0,1
5384,0,0,1
5385,0,0,1
5386,0,0,1
5387,0,0,1
5388,0,0,1
5389,0,0,1
5390,0,0,1
5391,0,0,1
5392,0,0,1
5393,0,0,1
5394,0,0,1
5395,0,0,1
5396,0,0,1
5397,1,0,1
5398,1,0,1
5399,0,0,1
5400,0,0,1
5401,1,0,1
5402,1,0,1
5403,1,0,1
5404,1,0,0
5405,1,0,0
5406,1,0,1
5407,1,0,1
5408,1,0,1
5409,1,0,1
5410,1,0,1
5411,0,0,1
5412,1,0,1
5413,1,0,1
5414,1,0,1
5415,0,1,1
5416,0,1,1
5417,0,0,0
5418,0,0,1
5419,0,0,1
5420,0,0,1
5421,0,0,1
5422,1,0,1
5423,1,0,1
5424,1,0,1
5425,0,0,0
5426,0,0,1
5427,1,0,1
5428,1,0,1
5429,0,0,1
5430,1,0,1
5431,0,0,1
5432,0,0,0
5433,1,0,1
5434,0,0,1
5435,0,0,1
5436,0,0,1
5437,0,0,1
5438,0,0,0
5439,1,0,1
5440,0,0,1
5441,0,0,1
5442,0,0,1
5443,0,0,1
5444,0,0,1
5445,1,0,1
5446,1,0,1
5447,0,0,0
5448,0,0,1
5449,0,0,1
5450,1,0,1
5451,0,0,1
5452,0,0,0
5453,0,0,1
5454,1,0,1
5455,0,0,1
5456,0,0,1
5457,0,0,0
5458,0,0,1
5459,0,0,0
5460,0,0,0
5461,0,0,0
5462,1,0,1
5463,1,0,1
5464,0,0,0
5465,1,0,1
5466,0,0,1
5467,0,0,1
5468,0,0,1
5469,0,0,0
5470,0,0,0
5471,0,0,1
5472,0,0,0
5473,1,0,1
5474,1,0,1
5475,0,0,1
5476,1,0,1
5477,1,0,1
5478,1,0,1
5479,1,0,1
5480,1,0,1
5481,1,0,1
5482,1,0,1
5483,1,0,1
5484,0,0,1
5485,1,0,1
5486,0,0,1
5487,0,0,1
5488,0,0,1
5489,0,0,1
5490,0,0,1
5491,1,0,1
5492,0,0,1
5493,0,0,1
5494,0,0,0
5495,0,0,0
5496,1,0,1
5497,0,0,1
5498,0,0,0
5499,0,0,1
5500,0,0,1
5501,0,0,1
5502,0,0,1
5503,0,0,1
5504,1,0,0
5505,0,0,1
5506,0,0,1
5507,0,0,1
5508,0,0,1
5509,1,0,1
5510,1,0,1
5511,1,0,1
5512,1,0,1
5513,1,0,1
5514,0,0,1
5515,1,0,1
5516,1,0,1
5517,0,1,1
5518,0,1,1
5519,1,0,1
5520,1,0,1
5521,1,0,1
5522,1,0,1
5523,1,0,1
5524,0,0,1
5525,0,0,1
5526,1,0,1
5527,1,0,1
5528,1,0,1
5529,0,0,1
5530,0,0,1
5531,1,0,1
5532,1,0,1
5533,1,0,1
5534,1,0,1
5535,1,0,1
5536,0,0,1
5537,0,0,1
5538,0,0,1
5539,0,0,1
5540,0,0,1
5541,1,0,1
5542,1,0,1
5543,1,0,1
5544,1,0,1
5545,1,0,1
5546,1,0,1
5547,0,0,1
5548,1,0,1
5549,1,0,1
5550,1,0,1
5551,1,0,1
5552,1,0,1
5553,1,0,1
5554,1,0,1
5555,0,0,0
5556,0,0,1
5557,0,0,1
5558,0,0,1
5559,1,0,1
5560,1,0,1
5561,0,0,1
5562,1,0,1
5563,0,0,0
5564,0,0,0
5565,0,0,0
5566,1,0,1
5567,0,0,1
5568,0,0,0
5569,0,0,1
5570,1,0,1
5571,0,0,1
5572,0,0,1
5573,1,0,1
5574,1,0,1
5575,1,0,1
5576,0,0,1
5577,0,0,1
5578,0,0,1
5579,0,0,1
5580,0,0,1
5581,0,0,1
5582,0,0,1
5583,0,0,1
5584,0,0,1
5585,0,0,1
5586,0,0,1
5587,0,0,1
5588,0,1,1
5589,0,1,1
5590,0,0,1
5591,0,0,1
5592,1,0,1
5593,1,0,1
5594,0,0,1
5595,0,0,1
5596,1,0,1
5597,0,0,1
5598,1,0,1
5599,0,0,1
5600,0,0,1
5601,1,0,1
5602,0,0,1
5603,1,0,1
5604,0,0,1
5605,1,0,1
5606,1,0,1
5607,0,0,0
5608,1,0,1
5609,1,0,1
5610,0,0,1
5611,0,0,1
5612,1,0,1
5613,1,0,1
5614,1,0,1
5615,0,0,1
5616,1,0,1
5617,0,0,1
5618,1,0,1
5619,1,0,1
5620,1,0,1
5621,1,0,1
5622,1,0,1
5623,0,0,1
5624,1,0,1
5625,0,0,1
5626,1,0,1
5627,1,0,1
5628,0,0,1
5629,0,0,1
5630,0,0,1
5631,0,0,1
5632,0,0,1
5633,0,0,1
5634,0,0,1
5635,0,0,1
5636,0,0,1
5637,1,0,1
5638,1,0,1
5639,0,0,1
5640,1,0,1
5641,0,0,0
5642,0,0,0
5643,1,0,1
5644,0,0,1
5645,1,0,0
5646,0,0,0
5647,0,0,1
5648,0,0,1
5649,1,0,1
5650,0,0,0
5651,0,0,0
5652,0,0,0
5653,0,0,1
5654,0,0,1
5655,1,0,1
5656,1,0,1
5657,1,0,1
5658,1,0,1
5659,1,0,1
5660,1,0,1
5661,0,0,1
5662,0,0,1
5663,0,0,0
5664,1,0,1
5665,1,0,1
5666,0,0,1
5667,0,0,1
5668,0,0,1
5669,0,0,1
5670,0,0,1
5671,0,0,1
5672,1,0,1
5673,1,0,1
5674,0,0,1
5675,0,0,1
5676,1,0,1
5677,0,0,1
5678,1,0,1
5679,0,0,1
5680,0,0,1
5681,0,0,1
5682,0,0,1
5683,0,0,1
5684,0,0,1
5685,1,0,1
5686,0,0,1
5687,0,0,1
5688,0,0,1
5689,0,0,1
5690,0,0,1
5691,1,0,1
5692,1,0,1
5693,1,0,1
5694,0,0,1
5695,1,0,1
5696,1,0,1
5697,1,0,1
5698,1,0,1
5699,1,0,1
5700,1,0,1
5701,1,0,1
5702,1,0,1
5703,0,0,1
5704,0,0,1
5705,0,0,1
5706,0,0,1
5707,0,0,1
5708,0,0,1
5709,0,0,1
5710,0,0,1
5711,0,0,1
5712,0,0,1
5713,0,0,1
5714,0,0,1
5715,0,0,1
5716,0,0,1
5717,0,0,1
5718,0,0,1
5719,1,0,1
5720,0,0,1
5721,0,0,1
5722,0,0,1
5723,1,0,1
5724,1,0,1
5725,0,0,1
5726,1,0,1
5727,0,0,1
5728,1,0,1
5729,0,0,1
5730,1,0,1
5731,1,0,1
5732,1,0,0
5733,1,0,0
5734,0,0,0
5735,1,0,1
5736,1,0,0
5737,0,0,1
5738,1,0,1
5739,0,0,1
5740,1,0,1
5741,1,0,1
5742,1,0,1
5743,1,0,1
5744,0,0,1
5745,0,0,1
5746,0,0,1
5747,1,0,1
5748,0,0,1
5749,1,0,1
5750,0,0,0
5751,0,0,0
5752,1,0,1
5753,0,0,0
5754,1,0,1
5755,1,0,1
5756,1,0,1
5757,0,1,1
5758,0,1,1
5759,0,0,0
5760,0,0,0
5761,0,0,1
5762,1,0,1
5763,0,0,1
5764,1,0,0
5765,1,0,1
5766,1,0,1
5767,1,0,1
5768,0,0,1
5769,0,0,1
5770,1,0,1
5771,1,0,1
5772,0,0,1
5773,0,0,1
5774,0,0,1
5775,1,0,1
5776,0,0,1
5777,1,0,1
5778,1,0,1
5779,1,0,1
5780,1,0,1
5781,1,0,1
5782,1,0,1
5783,1,0,1
5784,1,0,1
5785,0,0,1
5786,0,0,0
5787,0,0,0
5788,0,0,0
5789,0,0,1
5790,0,0,0
5791,1,0,1
5792,1,0,1
5793,1,0,1
5794,1,0,1
5795,1,0,1
5796,1,0,1
5797,0,0,1
5798,1,0,1
5799,0,0,1
5800,0,0,1
5801,1,0,1
5802,0,0,1
5803,0,0,1
5804,0,0,1
5805,1,0,0
5806,1,0,0
5807,1,0,0
5808,1,0,0
5809,0,0,1
5810,0,0,0
5811,1,0,0
5812,1,0,0
5813,1,0,0
5814,1,0,0
5815,0,0,0
5816,0,0,0
5817,0,0,0
5818,0,0,0
5819,0,0,0
5820,0,0,0
5821,0,0,1
5822,1,0,1
5823,0,0,1
5824,1,0,1
5825,1,0,1
5826,0,0,1
5827,0,0,1
5828,0,0,1
5829,1,0,1
5830,0,0,1
5831,1,0,1
5832,1,0,1
5833,0,0,1
5834,0,0,1
5835,0,0,1
5836,0,0,1
5837,0,1,1
5838,0,1,1
5839,0,0,1
5840,1,0,1
5841,0,0,1
5842,1,0,1
5843,0,0,0
5844,0,0,1
5845,0,0,1
5846,0,0,0
5847,0,0,1
5848,0,0,1
5849,0,0,0
5850,0,0,1
5851,0,0,0
5852,1,0,1
5853,0,0,0
5854,0,0,1
5855,0,0,1
5856,0,0,0
5857,0,0,0
5858,0,0,0
5859,1,0,1
5860,0,0,0
5861,0,0,1
5862,1,0,0
5863,0,0,0
5864,1,0,1
5865,1,0,1
5866,1,0,0
5867,1,0,1
5868,0,0,0
5869,0,0,0
5870,1,0,1
5871,0,0,1
5872,0,0,1
5873,0,0,1
5874,0,0,1
5875,0,0,1
5876,0,0,1
5877,0,0,1
5878,1,0,1
5879,0,0,1
5880,1,0,1
5881,1,0,1
5882,1,0,1
5883,1,0,1
5884,1,0,1
5885,1,0,1
5886,1,0,1
5887,0,0,0
5888,0,0,1
5889,1,0,1
5890,1,0,0
5891,1,0,1
5892,0,0,1
5893,1,0,1
5894,0,0,1
5895,1,0,1
5896,1,0,1
5897,1,0,1
5898,1,0,1
5899,1,0,1
5900,1,0,1
5901,1,0,1
5902,0,0,1
5903,1,0,1
5904,1,0,1
5905,1,0,1
5906,1,0,1
5907,0,0,1
5908,0,0,1
5909,1,0,1
5910,1,0,1
5911,1,0,1
5912,1,0,1
5913,1,0,1
5914,1,0,1
5915,1,0,0
5916,1,1,1
5917,1,1,1
5918,1,0,1
5919,0,0,1
5920,1,0,0
5921,1,0,1
5922,1,0,1
5923,0,0,0
5924,1,0,1
5925,1,0,1
5926,1,0,1
5927,0,0,1
5928,0,0,0
5929,0,1,0
5930,0,1,0
5931,1,0,1
5932,1,0,1
5933,1,0,1
5934,1,0,1
5935,1,0,1
5936,1,0,0
5937,1,0,0
5938,1,0,1
5939,1,0,1
5940,1,0,1
5941,1,0,1
5942,1,0,1
5943,1,0,1
5944,1,0,1
5945,1,0,0
5946,1,0,0
5947,0,0,1
5948,1,0,1
5949,1,0,0
5950,1,0,1
5951,0,0,1
5952,0,0,1
5953,0,0,1
5954,1,0,1
5955,1,0,1
5956,1,0,0
5957,1,0,1
5958,1,0,1
5959,1,0,1
5960,1,0,1
5961,0,0,1
5962,0,0,1
5963,1,0,1
5964,1,0,1
5965,0,0,0
5966,0,0,0
5967,0,0,1
5968,1,0,1
5969,1,0,1
5970,1,0,1
5971,0,0,0
5972,1,0,1
5973,1,0,0
5974,1,0,1
5975,1,0,1
5976,1,0,1
5977,1,0,1
5978,1,0,1
5979,1,0,1
5980,1,0,1
5981,0,0,1
5982,1,0,1
5983,1,0,1
5984,1,0,1
5985,1,0,0
5986,0,0,1
5987,0,0,1
5988,1,0,1
5989,0,0,1
5990,0,0,1
5991,1,0,1
5992,1,0,1
5993,1,0,0
5994,0,0,1
5995,0,0,0
5996,1,0,1
5997,1,0,1
5998,0,0,1
5999,1,0,1
6000,1,0,1
6001,1,0,1
6002,0,0,1
6003,0,0,1
6004,0,0,1
6005,1,0,1
6006,0,0,1
6007,0,0,1
6008,0,0,0
6009,0,1,0
6010,0,1,0
6011,0,0,1
6012,1,0,1
6013,1,0,1
6014,0,0,1
6015,0,0,1
6016,1,0,1
6017,1,0,1
6018,1,0,1
6019,1,0,1
6020,1,0,1
6021,1,0,1
6022,1,0,1
6023,1,0,1
6024,1,0,1
6025,1,0,0
6026,1,0,1
6027,1,0,1
6028,1,0,1
6029,1,1,1
6030,1,1,1
6031,0,0,1
6032,1,0,1
6033,0,0,1
6034,0,0,1
6035,1,0,1
6036,1,0,1
6037,0,0,1
6038,1,0,1
6039,1,0,1
6040,0,0,0
6041,1,0,0
6042,1,0,1
6043,0,0,1
6044,1,0,1
6045,1,0,1
6046,1,0,1
6047,0,0,1
6048,1,0,1
6049,0,0,1
6050,1,0,1
6051,1,0,1
6052,0,0,1
6053,1,0,1
6054,1,0,1
6055,0,0,1
6056,0,0,1
6057,0,0,1
6058,1,0,1
6059,1,0,1
6060,1,0,1
6061,0,0,1
6062,0,0,1
6063,1,0,1
6064,0,0,1
6065,1,0,1
6066,1,0,1
6067,1,0,1
6068,1,0,0
6069,1,0,0
6070,1,0,1
6071,0,0,0
6072,0,0,0
6073,1,0,1
6074,0,0,1
6075,0,0,1
6076,0,0,1
6077,0,0,0
6078,1,0,1
6079,1,0,1
6080,0,1,1
6081,0,1,1
6082,0,0,1
6083,0,0,0
6084,1,0,1
6085,0,0,0
6086,1,0,1
6087,0,0,1
6088,0,0,1
6089,0,0,1
6090,1,0,1
6091,1,0,1
6092,1,0,1
6093,1,0,1
6094,1,0,1
6095,1,0,1
6096,0,1,1
6097,0,1,1
6098,1,0,1
6099,1,0,1
6100,0,0,1
6101,1,0,1
6102,1,0,1
6103,0,0,1
6104,1,0,1
6105,1,0,1
6106,0,0,1
6107,1,0,1
6108,1,0,1
6109,1,0,1
6110,1,0,1
6111,1,0,1
6112,1,0,1
6113,1,0,1
6114,1,0,1
6115,1,0,1
6116,1,0,1
6117,1,0,1
6118,1,0,1
6119,1,0,1
6120,0,0,1
6121,0,0,1
6122,1,0,1
6123,0,0,1
6124,1,0,1
6125,1,0,1
6126,0,0,1
6127,0,0,1
6128,1,0,1
6129,0,0,1
6130,1,0,1
6131,1,0,1
6132,1,0,1
6133,1,0,1
6134,1,0,1
6135,0,0,1
6136,0,0,0
6137,0,0,1
6138,0,0,1
6139,1,0,1
6140,1,0,1
6141,1,0,1
6142,0,0,1
6143,0,0,0
6144,0,0,1
6145,0,0,1
6146,0,0,1
6147,1,0,1
6148,0,0,1
6149,0,0,1
6150,0,0,1
6151,1,0,1
6152,0,0,1
6153,0,0,1
6154,0,0,1
6155,1,0,1
6156,0,0,1
6157,0,0,1
6158,0,0,1
6159,0,0,1
6160,1,0,1
6161,1,0,1
6162,0,0,1
6163,1,0,1
6164,0,0,0
6165,0,0,0
6166,1,0,0
6167,0,0,0
6168,1,0,1
6169,1,0,1
6170,0,0,1
6171,0,0,1
6172,1,0,1
6173,1,0,1
6174,0,0,1
6175,1,0,1
6176,0,0,1
6177,0,0,1
6178,0,0,1
6179,0,0,1
6180,1,0,1
6181,1,0,1
6182,1,0,1
6183,1,0,1
6184,1,0,1
6185,0,0,0
6186,1,0,1
6187,1,0,1
6188,1,0,1
6189,1,0,1
6190,1,0,1
6191,1,0,0
6192,1,0,1
6193,0,0,1
6194,0,0,1
6195,1,0,1
6196,0,0,0
6197,1,0,1
6198,1,0,1
6199,1,0,1
6200,0,0,1
6201,0,0,1
6202,1,0,1
6203,1,0,0
6204,1,0,1
6205,1,0,1
6206,1,0,1
6207,1,0,1
6208,0,0,1
6209,0,0,1
6210,1,0,0
6211,0,0,1
6212,0,0,1
6213,0,0,1
6214,1,0,1
6215,1,0,1
6216,0,0,1
6217,0,1,1
6218,0,1,1
6219,1,0,1
6220,0,0,1
6221,0,0,1
6222,0,0,0
6223,0,0,1
6224,0,0,1
6225,0,0,0
6226,1,0,1
6227,0,0,1
6228,1,0,1
6229,1,0,1
6230,0,0,1
6231,1,0,1
6232,1,0,1
6233,1,0,1
6234,0,0,1
6235,1,0,1
6236,0,0,0
6237,1,0,1
6238,1,0,1
6239,1,0,1
6240,1,0,1
6241,1,0,1
6242,1,0,1
6243,0,0,1
6244,0,0,1
6245,1,0,1
6246,1,0,1
6247,1,0,1
6248,0,0,1
6249,0,0,1
6250,0,0,1
6251,0,0,1
6252,1,0,0
6253,1,0,1
6254,1,0,1
6255,0,0,1
6256,0,0,1
6257,1,0,1
6258,1,0,1
6259,1,0,1
6260,1,0,1
6261,0,0,1
6262,0,0,1
6263,0,0,1
6264,0,0,0
6265,0,0,1
6266,0,0,1
6267,1,0,1
6268,1,0,1
6269,1,0,1
6270,1,0,1
6271,1,0,1
6272,1,0,1
6273,1,0,0
6274,0,0,0
6275,0,0,1
6276,1,0,1
6277,0,0,1
6278,0,0,1
6279,1,0,1
6280,1,0,1
6281,0,0,1
6282,1,0,1
6283,1,0,1
6284,1,0,1
6285,1,0,1
6286,1,0,1
6287,1,0,1
6288,0,0,1
6289,0,0,1
6290,0,0,1
6291,1,0,1
6292,1,0,1
6293,1,0,1
6294,0,0,1
6295,0,0,1
6296,0,0,1
6297,1,0,1
6298,1,0,1
6299,0,0,0
6300,1,0,1
6301,0,0,1
6302,0,0,1
6303,0,0,1
6304,1,0,1
6305,1,0,1
6306,0,0,1
6307,1,0,1
6308,0,0,1
6309,1,0,0
6310,0,0,1
6311,1,0,1
6312,1,0,1
6313,1,0,1
6314,1,0,1
6315,1,0,1
6316,1,0,1
6317,1,0,1
6318,0,0,1
6319,1,0,1
6320,0,0,1
6321,0,0,1
6322,0,0,1
6323,0,0,0
6324,0,0,1
6325,0,0,1
6326,1,0,1
6327,0,0,1
6328,0,0,1
6329,0,0,0
6330,0,0,1
6331,0,0,1
6332,1,0,1
6333,0,0,1
6334,0,0,1
6335,0,0,0
6336,1,0,1
6337,1,0,1
6338,0,0,1
6339,0,0,1
6340,0,0,1
6341,1,0,1
6342,1,0,1
6343,0,0,1
6344,0,0,1
6345,0,0,0
6346,0,0,1
6347,0,0,0
6348,1,0,1
6349,0,0,1
6350,1,0,1
6351,0,0,1
6352,1,0,1
6353,1,0,1
6354,1,0,1
6355,1,0,1
6356,1,0,1
6357,0,0,1
6358,1,0,1
6359,1,0,1
6360,1,0,1
6361,1,0,0
6362,1,0,0
6363,1,0,1
6364,0,0,1
6365,0,0,1
6366,0,0,1
6367,0,0,1
6368,0,0,1
6369,0,0,1
6370,0,0,1
6371,1,0,0
6372,1,0,0
6373,1,0,1
6374,1,0,1
6375,1,0,1
6376,0,0,1
6377,0,0,1
6378,0,0,1
6379,1,0,1
6380,1,0,1
6381,0,0,1
6382,0,0,1
6383,0,0,1
6384,0,0,0
6385,0,0,1
6386,1,0,1
6387,0,0,1
6388,1,0,1
6389,1,0,1
6390,1,0,1
6391,1,0,1
6392,1,0,0
6393,1,0,1
6394,1,0,1
6395,0,0,1
6396,0,0,1
6397,1,0,1
6398,0,0,1
6399,1,0,1
6400,1,0,1
6401,1,0,1
6402,1,0,1
6403,1,0,1
6404,1,0,1
6405,1,0,1
6406,1,0,1
6407,1,0,1
6408,1,0,1
6409,1,0,1
6410,0,0,0
6411,1,0,1
6412,1,0,1
6413,0,0,0
6414,1,0,1
6415,0,0,1
6416,1,0,0
6417,1,0,0
6418,0,0,0
6419,1,0,1
6420,0,0,1
6421,1,0,1
6422,1,0,1
6423,1,0,1
6424,0,0,1
6425,0,0,1
6426,0,0,0
6427,1,0,1
6428,1,0,1
6429,0,0,1
6430,0,0,1
6431,0,0,1
6432,0,0,1
6433,0,0,1
6434,0,0,1
6435,1,0,1
6436,0,0,0
6437,0,0,1
6438,0,0,0
6439,0,0,1
6440,0,0,1
6441,0,0,1
6442,0,0,1
6443,0,0,1
6444,0,0,1
6445,1,0,0
6446,1,0,1
6447,0,0,1
6448,1,0,1
6449,1,0,1
6450,0,0,1
6451,0,0,1
6452,0,0,1
6453,0,0,1
6454,1,0,1
6455,0,0,1
6456,0,0,1
6457,1,0,1
6458,0,0,1
6459,0,0,1
6460,0,0,1
6461,0,0,1
6462,1,0,1
6463,1,0,1
6464,1,0,1
6465,1,0,1
6466,0,0,1
6467,1,0,1
6468,1,0,1
6469,0,0,1
6470,1,0,1
6471,0,0,0
6472,0,0,1
6473,0,0,1
6474,1,0,1
6475,0,0,1
6476,1,0,1
6477,0,0,1
6478,1,0,1
6479,1,0,1
6480,1,0,1
6481,0,0,1
6482,0,0,1
6483,1,0,1
6484,1,0,1
6485,0,0,1
6486,1,0,1
6487,0,0,1
6488,1,0,1
6489,1,0,1
6490,0,0,1
6491,0,0,1
6492,0,0,1
6493,0,0,1
6494,0,0,1
6495,0,0,1
6496,0,0,1
6497,0,0,1
6498,0,0,1
6499,0,0,1
6500,0,0,1
6501,1,0,1
6502,1,0,1
6503,0,0,1
6504,1,0,1
6505,1,0,1
6506,1,0,1
6507,0,0,1
6508,0,0,1
6509,1,0,1
6510,1,0,1
6511,0,0,1
6512,0,0,1
6513,1,0,1
6514,0,0,1
6515,1,0,1
6516,1,0,1
6517,1,0,1
6518,1,0,1
6519,1,0,1
6520,1,0,1
6521,1,0,1
6522,0,0,1
6523,0,0,1
6524,1,0,1
6525,1,0,1
6526,1,0,1
6527,1,0,1
6528,0,0,1
6529,0,0,1
6530,1,0,1
6531,1,0,1
6532,1,0,1
6533,1,0,1
6534,1,0,1
6535,1,0,1
6536,1,0,1
6537,1,0,0
6538,0,0,1
6539,1,0,1
6540,1,0,1
6541,0,0,1
6542,0,0,1
6543,1,0,1
6544,0,0,1
6545,1,0,1
6546,0,0,1
6547,0,0,1
6548,1,0,1
6549,0,0,1
6550,0,0,1
6551,0,0,1
6552,0,0,1
6553,0,0,1
6554,0,0,1
6555,1,0,1
6556,1,0,1
6557,1,0,1
6558,1,0,1
6559,0,0,1
6560,0,0,1
6561,1,0,1
6562,1,0,1
6563,0,0,0
6564,0,0,1
6565,1,0,1
6566,0,0,1
6567,0,0,1
6568,0,0,1
6569,0,0,1
6570,0,0,1
6571,0,0,1
6572,0,0,1
6573,0,0,1
6574,0,0,1
6575,1,0,1
6576,0,0,1
6577,0,0,0
6578,0,0,1
6579,0,0,1
6580,0,0,1
6581,0,0,1
6582,0,0,1
6583,0,0,1
6584,1,0,1
6585,0,0,1
6586,0,0,1
6587,0,0,1
6588,0,0,1
6589,0,0,1
6590,0,0,1
6591,0,0,1
6592,1,0,1
6593,1,0,1
6594,1,0,1
6595,1,1,1
6596,1,1,1
6597,0,0,1
6598,1,0,1
6599,1,0,1
6600,1,0,1
6601,1,0,1
6602,1,0,1
6603,0,0,1
6604,1,0,1
6605,1,0,1
6606,1,0,1
6607,1,0,1
6608,1,0,1
6609,1,0,1
6610,1,0,1
6611,1,0,1
6612,1,0,1
6613,1,0,1
6614,1,0,1
6615,0,0,1
6616,1,0,1
6617,1,0,1
6618,1,0,1
6619,1,0,1
6620,1,0,1
6621,1,0,0
6622,1,0,1
6623,1,0,1
6624,1,0,1
6625,1,0,1
6626,0,0,0
6627,1,0,1
6628,1,0,1
6629,0,0,1
6630,0,0,0
6631,1,0,1
6632,0,0,1
6633,1,0,1
6634,0,0,0
6635,0,0,0
6636,0,0,1
6637,0,0,1
6638,0,0,1
6639,1,0,1
6640,1,0,0
6641,1,0,0
6642,0,0,1
6643,1,0,1
6644,0,0,1
6645,0,0,1
6646,1,0,1
6647,0,0,1
6648,0,0,1
6649,1,0,1
6650,1,0,1
6651,1,0,1
6652,0,0,1
6653,1,0,1
6654,1,0,1
6655,1,0,1
6656,0,0,1
6657,1,0,1
6658,1,0,1
6659,1,0,1
6660,0,0,0
6661,1,0,1
6662,1,0,1
6663,1,0,1
6664,1,0,1
6665,0,0,1
6666,1,0,1
6667,1,0,1
6668,1,0,1
6669,0,0,1
6670,1,0,0
6671,1,0,1
6672,1,0,1
6673,1,0,1
6674,1,0,0
6675,1,0,0
6676,1,0,1
6677,1,0,1
6678,1,0,1
6679,1,0,1
6680,1,0,1
6681,1,0,1
6682,1,0,1
6683,1,0,1
6684,0,0,0
6685,1,0,0
6686,1,0,1
6687,1,0,1
6688,1,0,1
6689,1,0,1
6690,1,0,1
6691,0,0,1
6692,1,0,1
6693,1,0,1
6694,0,0,1
6695,1,0,1
6696,0,1,1
6697,0,1,1
6698,1,0,1
6699,0,0,1
6700,1,0,1
6701,1,0,1
6702,1,0,1
6703,0,0,0
6704,0,0,1
6705,1,0,1
6706,1,0,1
6707,1,0,1
6708,1,0,0
6709,1,0,1
6710,1,0,1
6711,1,0,1
6712,1,0,1
6713,1,0,1
6714,1,1,1
6715,1,1,1
6716,0,0,1
6717,1,0,1
6718,1,0,1
6719,1,0,1
6720,1,0,1
6721,1,0,1
6722,0,0,0
6723,1,0,0
6724,0,0,1
6725,1,0,1
6726,1,0,1
6727,1,0,1
6728,1,0,1
6729,1,0,1
6730,1,0,1
6731,1,0,1
6732,1,0,1
6733,1,0,1
6734,1,0,1
6735,1,0,1
6736,1,0,1
6737,0,0,1
6738,1,0,1
6739,1,0,1
6740,1,0,1
6741,1,0,1
6742,1,0,1
6743,1,0,1
6744,0,0,1
6745,1,0,1
6746,1,0,1
6747,1,0,1
6748,0,0,0
6749,1,0,1
6750,1,0,1
6751,1,0,1
6752,1,0,1
6753,1,0,1
6754,0,0,1
6755,1,0,1
6756,1,0,1
6757,1,0,1
6758,1,0,0
6759,1,0,0
6760,1,0,1
6761,1,0,1
6762,1,0,1
6763,1,0,1
6764,1,0,1
6765,0,0,0
6766,1,0,1
6767,1,0,1
6768,0,0,0
6769,0,0,1
6770,1,0,0
6771,1,0,0
6772,1,0,1
6773,1,0,1
6774,1,0,1
6775,1,0,1
6776,0,0,0
6777,1,0,1
6778,1,0,1
6779,1,0,0
6780,1,0,1
6781,1,0,1
6782,1,0,1
6783,0,0,1
6784,1,0,0
6785,1,0,1
6786,1,0,1
6787,1,0,1
6788,1,0,1
6789,1,0,1
6790,1,0,1
6791,0,0,1
6792,1,0,1
6793,0,0,0
6794,1,0,1
6795,1,0,1
6796,1,0,1
6797,1,0,1
6798,1,0,1
6799,1,0,1
6800,0,0,1
6801,0,0,1
6802,1,0,1
6803,1,0,1
6804,0,0,0
6805,1,0,0
6806,0,0,1
6807,0,0,1
6808,0,0,1
6809,1,0,1
6810,0,0,0
6811,0,0,1
6812,1,0,0
6813,0,0,0
6814,0,0,0
6815,1,0,1
6816,1,0,1
6817,0,0,0
6818,0,0,0
6819,1,0,1
6820,1,0,1
6821,0,0,1
6822,1,0,1
6823,1,0,1
6824,1,0,1
6825,1,0,1
6826,1,0,1
6827,1,0,1
6828,0,0,1
6829,1,0,1
6830,1,0,0
6831,0,0,1
6832,0,0,1
6833,1,0,1
6834,1,0,1
6835,1,0,1
6836,1,0,1
6837,1,0,1
6838,1,0,0
6839,1,0,0
6840,1,0,1
6841,1,0,1
6842,1,0,1
6843,1,0,1
6844,0,0,0
6845,1,0,1
6846,0,0,0
6847,0,0,0
6848,1,0,1
6849,1,0,1
6850,0,0,1
6851,1,0,0
6852,0,0,1
6853,1,0,1
6854,1,0,1
6855,0,0,1
6856,1,0,1
6857,0,0,1
6858,0,0,1
6859,0,0,1
6860,1,0,0
6861,1,0,0
6862,1,0,0
6863,0,0,0
6864,1,0,1
6865,1,0,1
6866,1,0,1
6867,1,0,1
6868,1,0,1
6869,1,0,1
6870,0,0,1
6871,1,0,1
6872,0,0,1
6873,0,0,1
6874,1,0,0
6875,1,0,1
6876,1,0,1
6877,1,0,1
6878,1,0,1
6879,1,0,1
6880,1,0,1
6881,1,0,1
6882,1,0,1
6883,1,0,1
6884,1,0,1
6885,1,0,1
6886,1,0,1
6887,1,0,1
6888,1,0,0
6889,1,0,1
6890,1,0,1
6891,1,0,1
6892,0,0,1
6893,0,0,1
6894,0,0,1
6895,1,0,1
6896,1,0,1
6897,1,0,1
6898,0,0,1
6899,0,0,0
6900,0,0,1
6901,0,0,1
6902,1,0,1
6903,1,0,1
6904,0,0,1
6905,0,0,1
6906,1,0,1
6907,1,0,1
6908,1,0,1
6909,0,0,1
6910,1,0,1
6911,1,0,1
6912,1,0,1
6913,1,0,1
6914,1,0,1
6915,1,0,0
6916,1,0,1
6917,0,0,1
6918,1,0,1
6919,1,0,1
6920,0,0,1
6921,0,0,1
6922,0,0,1
6923,0,0,1
6924,0,0,1
6925,1,0,1
6926,0,0,1
6927,1,0,1
6928,1,0,1
6929,1,0,1
6930,0,0,1
6931,0,0,1
6932,1,0,1
6933,1,0,1
6934,1,0,1
6935,1,0,1
6936,1,0,1
6937,1,0,1
6938,0,0,1
6939,0,0,1
6940,0,0,0
6941,1,0,1
6942,1,0,1
6943,1,0,1
6944,1,0,1
6945,1,0,1
6946,1,0,1
6947,1,0,1
6948,1,0,1
6949,0,0,1
6950,0,0,1
6951,1,0,1
6952,1,0,1
6953,1,0,1
6954,1,0,1
6955,1,0,1
6956,0,0,1
6957,1,0,1
6958,0,0,1
6959,1,0,1
6960,1,0,0
6961,0,0,0
6962,1,0,1
6963,1,0,0
6964,1,0,0
6965,1,0,1
6966,1,1,1
6967,1,1,1
6968,1,0,1
6969,0,0,0
6970,1,0,1
6971,1,0,1
6972,1,0,1
6973,1,0,1
6974,1,0,1
6975,1,0,1
6976,0,0,0
6977,1,0,1
6978,1,0,1
6979,0,0,0
6980,1,0,1
6981,1,0,1
6982,1,0,1
6983,1,0,1
6984,1,0,1
6985,1,0,0
6986,1,0,1
6987,1,0,1
6988,0,0,1
6989,1,0,1
6990,1,0,1
6991,1,0,1
6992,1,0,1
6993,1,0,1
6994,1,0,1
6995,1,0,1
6996,1,0,1
6997,1,0,1
6998,0,0,1
6999,1,0,1
7000,1,0,1
7001,1,0,1
7002,1,0,1
7003,1,0,1
7004,1,0,1
7005,1,0,1
7006,1,0,1
7007,1,0,1
7008,1,0,1
7009,0,0,1
7010,1,0,1
7011,1,0,1
7012,1,0,1
7013,1,0,1
7014,1,0,1
7015,1,0,1
7016,1,0,1
7017,0,0,1
7018,1,0,1
7019,0,0,1
7020,1,0,1
7021,1,0,1
7022,1,0,1
7023,0,0,1
7024,1,0,0
7025,0,0,1
7026,1,0,1
7027,1,0,1
7028,1,0,1
7029,1,0,1
7030,1,0,1
7031,1,0,1
7032,1,0,1
7033,1,0,1
7034,0,0,1
7035,1,0,1
7036,1,0,1
7037,1,0,1
7038,0,0,0
7039,1,0,1
7040,1,0,1
7041,1,0,1
7042,1,0,1
7043,1,0,1
7044,1,0,1
7045,1,0,1
7046,0,0,1
7047,1,0,1
7048,1,0,1
7049,1,0,1
7050,0,0,1
7051,1,0,1
7052,1,0,1
7053,1,0,0
7054,1,0,1
7055,1,0,1
7056,1,0,1
7057,1,0,1
7058,1,0,1
7059,0,0,0
7060,1,0,1
7061,1,0,1
7062,0,0,1
7063,1,0,1
7064,1,0,1
7065,1,0,1
7066,1,0,1
7067,1,0,1
7068,1,0,1
7069,1,0,1
7070,1,0,1
7071,1,0,1
7072,1,0,1
7073,1,0,1
7074,1,0,1
7075,1,0,0
7076,1,0,1
7077,0,0,1
7078,1,0,1
7079,1,0,0
7080,1,0,0
7081,1,0,1
7082,1,0,1
7083,0,0,1
7084,0,0,1
7085,1,0,1
7086,1,0,1
7087,1,0,1
7088,1,0,1
7089,1,0,1
7090,1,0,1
7091,1,0,1
7092,1,1,1
7093,1,1,1
7094,1,0,0
7095,1,0,1
7096,1,0,1
7097,1,0,1
7098,0,0,1
7099,0,0,0
7100,1,0,1
7101,1,0,1
7102,0,0,1
7103,1,0,1
7104,1,0,1
7105,0,0,1
7106,1,0,1
7107,1,0,1
7108,1,0,1
7109,1,0,1
7110,0,0,1
7111,1,0,1
7112,0,0,1
7113,1,0,1
7114,1,0,1
7115,1,0,1
7116,1,0,1
7117,1,0,1
7118,1,0,1
7119,0,0,1
7120,0,0,0
7121,1,0,1
7122,1,0,1
7123,1,0,1
7124,1,0,0
7125,0,0,1
7126,1,0,1
7127,1,0,1
7128,0,0,1
7129,0,0,1
7130,1,0,1
7131,1,0,1
7132,1,0,1
7133,0,0,1
7134,0,0,1
7135,0,0,1
7136,1,0,1
7137,1,0,1
7138,0,0,1
7139,0,0,1
7140,0,0,1
7141,0,0,1
7142,0,0,1
7143,0,0,1
7144,1,0,1
7145,1,0,1
7146,0,0,1
7147,1,0,1
7148,0,0,1
7149,1,0,1
7150,1,0,1
7151,1,0,1
7152,0,0,1
7153,1,0,1
7154,0,0,1
7155,1,0,1
7156,0,0,0
7157,0,0,0
7158,1,0,1
7159,0,0,1
7160,1,0,1
7161,0,0,0
7162,0,0,0
7163,1,0,1
7164,1,0,1
7165,1,0,1
7166,1,0,1
7167,0,0,1
7168,1,0,1
7169,1,0,1
7170,1,0,1
7171,1,0,1
7172,1,0,1
7173,1,0,1
7174,1,0,1
7175,1,0,1
7176,0,0,1
7177,1,0,1
7178,1,0,1
7179,1,0,1
7180,1,0,1
7181,1,0,1
7182,0,0,0
7183,1,0,1
7184,1,0,1
7185,1,0,1
7186,0,0,0
7187,0,0,1
7188,1,0,1
7189,0,0,1
7190,0,0,0
7191,0,0,1
7192,0,0,1
7193,0,0,1
7194,0,0,1
7195,0,0,1
7196,1,0,1
7197,0,0,1
7198,0,0,1
7199,0,0,1
7200,0,0,0
7201,0,0,0
7202,0,0,1
7203,1,0,1
7204,1,0,1
7205,1,0,1
7206,0,0,1
7207,0,0,0
7208,0,0,1
7209,0,0,1
7210,0,0,1
7211,0,0,1
7212,0,0,1
7213,1,0,1
7214,0,0,1
7215,0,0,1
7216,0,0,1
7217,0,0,1
7218,1,0,1
7219,0,0,1
7220,0,0,1
7221,0,0,1
7222,0,0,1
7223,0,0,1
7224,0,0,1
7225,0,0,1
7226,0,0,1
7227,0,0,1
7228,0,0,1
7229,1,0,1
7230,1,0,1
7231,1,0,1
7232,1,0,1
7233,1,0,1
7234,0,0,1
7235,0,0,1
7236,0,0,1
7237,0,0,1
7238,0,0,1
7239,0,0,1
7240,0,0,1
7241,0,0,1
7242,1,0,1
7243,1,0,1
7244,1,0,1
7245,1,0,1
7246,1,0,1
7247,1,0,1
7248,1,0,1
7249,0,0,1
7250,1,0,1
7251,1,0,0
7252,1,0,0
7253,1,0,0
7254,1,0,1
7255,0,0,1
7256,1,0,1
7257,1,0,1
7258,1,0,1
7259,0,0,1
7260,0,0,1
7261,1,0,1
7262,1,0,1
7263,0,0,0
7264,1,0,1
7265,1,0,1
7266,1,0,1
7267,0,0,0
7268,1,0,1
7269,1,0,1
7270,1,0,1
7271,0,0,1
7272,0,0,1
7273,0,0,1
7274,1,0,1
7275,0,0,1
7276,0,0,1
7277,1,0,1
7278,1,0,1
7279,1,0,1
7280,1,0,1
7281,0,0,1
7282,0,0,1
7283,1,0,1
7284,1,0,1
7285,0,0,1
7286,0,0,1
7287,1,0,1
7288,0,0,1
7289,0,0,1
7290,1,0,1
7291,1,0,1
7292,0,0,1
7293,1,0,1
7294,0,0,1
7295,1,0,1
7296,0,0,0
7297,1,0,1
7298,1,0,1
7299,1,0,1
7300,1,0,1
7301,0,0,1
7302,0,0,1
7303,1,0,1
7304,1,0,1
7305,0,0,1
7306,1,0,1
7307,1,0,1
7308,1,0,1
7309,0,0,0
7310,1,0,1
7311,1,0,1
7312,1,0,1
7313,1,0,1
7314,0,0,1
7315,1,0,1
7316,0,0,1
7317,0,0,1
7318,0,0,0
7319,0,0,0
7320,0,0,1
7321,1,0,1
7322,1,0,1
7323,1,0,1
7324,0,0,1
7325,0,0,1
7326,0,0,1
7327,1,0,1
7328,1,0,1
7329,1,0,1
7330,1,0,1
7331,0,0,1
7332,0,0,1
7333,1,0,1
7334,0,0,1
7335,0,0,1
7336,0,0,1
7337,0,0,1
7338,1,0,1
7339,1,0,1
7340,0,0,1
7341,0,0,1
7342,0,0,1
7343,1,0,1
7344,1,0,1
7345,0,0,1
7346,1,0,1
7347,1,0,1
7348,1,0,1
7349,1,0,1
7350,1,0,1
7351,1,0,1
7352,0,0,1
7353,1,0,1
7354,1,0,1
7355,0,0,1
7356,1,0,1
7357,0,0,1
7358,0,0,1
7359,0,0,1
7360,1,0,1
7361,0,0,1
7362,1,0,1
7363,0,0,1
7364,0,0,1
7365,0,0,1
7366,1,0,1
7367,1,0,0
7368,1,0,1
7369,1,0,1
7370,1,0,1
7371,1,0,0
7372,1,0,1
7373,1,0,1
7374,1,0,1
7375,1,0,1
7376,1,0,1
7377,0,0,1
7378,1,0,0
7379,0,0,1
7380,1,0,1
7381,0,0,1
7382,0,0,1
7383,1,0,1
7384,0,0,1
7385,0,0,1
7386,0,0,1
7387,0,0,0
7388,1,0,1
7389,0,0,1
7390,0,0,1
7391,1,0,1
7392,0,0,1
7393,1,0,1
7394,1,0,1
7395,0,0,1
7396,0,0,1
7397,0,0,1
7398,0,0,1
7399,0,0,1
7400,0,0,1
7401,0,0,0
7402,1,0,0
7403,0,0,1
7404,0,0,1
7405,1,0,1
7406,0,0,1
7407,0,0,1
7408,0,0,1
7409,0,0,0
7410,0,0,1
7411,1,0,1
7412,0,0,1
7413,1,1,1
7414,1,1,1
7415,0,0,1
7416,0,0,1
7417,0,0,1
7418,0,0,1
7419,0,0,1
7420,0,0,1
7421,0,0,1
7422,0,0,1
7423,0,0,1
7424,1,0,1
7425,0,0,1
7426,0,0,1
7427,1,0,1
7428,1,0,1
7429,0,0,1
7430,0,0,1
7431,0,0,1
7432,0,0,1
7433,0,0,1
7434,0,0,1
7435,1,0,1
7436,1,0,1
7437,0,0,1
7438,0,0,1
7439,0,0,1
7440,0,0,1
7441,0,0,1
7442,1,0,1
7443,1,0,1
7444,1,0,1
7445,0,0,1
7446,1,0,1
7447,1,0,1
7448,1,0,1
7449,0,0,1
7450,0,0,1
7451,1,0,1
7452,0,0,1
7453,0,0,1
7454,0,0,1
7455,0,0,1
7456,0,0,0
7457,0,0,1
7458,0,0,1
7459,0,0,1
7460,1,0,1
7461,1,0,1
7462,0,0,1
7463,0,0,1
7464,0,0,1
7465,0,0,1
7466,1,0,1
7467,0,0,1
7468,1,0,1
7469,0,0,1
7470,0,0,1
7471,0,0,0
7472,0,0,0
7473,0,0,1
7474,0,0,1
7475,0,0,1
7476,0,0,1
7477,0,0,1
7478,1,0,1
7479,1,0,1
7480,0,0,0
7481,0,0,0
7482,0,0,0
7483,0,0,1
7484,0,0,1
7485,0,0,1
7486,0,0,1
7487,1,0,1
7488,1,0,1
7489,1,0,1
7490,1,0,1
7491,1,0,0
7492,1,0,0
7493,0,0,0
7494,0,0,0
7495,0,0,1
7496,1,0,0
7497,1,0,1
7498,0,0,1
7499,0,0,1
7500,1,0,1
7501,1,0,1
7502,1,0,1
7503,0,0,1
7504,0,0,0
7505,0,1,1
7506,0,1,1
7507,1,0,1
7508,1,0,1
7509,1,0,1
7510,0,0,0
7511,0,0,1
7512,1,0,1
7513,1,0,1
7514,1,0,1
7515,1,0,1
7516,0,0,1
7517,0,0,1
7518,1,0,1
7519,1,0,1
7520,1,0,1
7521,0,0,1
7522,1,0,1
7523,1,0,1
7524,0,0,1
7525,1,0,1
7526,1,0,1
7527,0,0,0
7528,0,0,1
7529,0,0,1
7530,0,0,1
7531,0,0,1
7532,1,0,1
7533,1,0,1
7534,0,0,1
7535,0,0,1
7536,0,0,1
7537,1,0,0
7538,0,0,0
7539,0,0,1
7540,0,0,1
7541,0,0,1
7542,0,0,1
7543,0,0,1
7544,0,0,1
7545,1,0,1
7546,0,0,0
7547,0,0,0
7548,0,0,0
7549,1,0,1
7550,1,0,1
7551,0,0,1
7552,0,0,1
7553,0,0,1
7554,0,0,1
7555,0,0,1
7556,0,0,1
7557,0,0,1
7558,0,0,1
7559,1,0,1
7560,0,0,1
7561,1,0,1
7562,1,0,1
7563,0,0,1
7564,1,0,1
7565,0,0,0
7566,0,0,1
7567,0,0,1
7568,1,0,1
7569,0,0,1
7570,1,0,0
7571,1,0,1
7572,1,0,1
7573,1,0,1
7574,1,0,1
7575,0,0,1
7576,0,0,1
7577,1,0,1
7578,1,0,1
7579,1,0,1
7580,1,0,1
7581,1,0,1
7582,1,0,1
7583,1,0,1
7584,0,0,0
7585,1,0,1
7586,0,0,1
7587,0,0,1
7588,0,0,1
7589,0,0,1
7590,0,0,0
7591,0,0,1
7592,0,0,1
7593,1,0,1
7594,1,0,1
7595,0,0,1
7596,0,0,1
7597,0,0,1
7598,0,0,1
7599,0,0,1
7600,0,0,1
7601,0,0,1
7602,0,0,1
7603,1,0,1
7604,1,0,1
7605,0,0,0
7606,0,0,0
7607,0,0,1
7608,1,0,1
7609,1,0,1
7610,0,0,1
7611,1,0,1
7612,0,0,1
7613,0,0,0
7614,1,0,1
7615,0,0,1
7616,0,0,1
7617,0,0,1
7618,1,0,1
7619,0,0,1
7620,0,0,0
7621,0,0,0
7622,1,0,1
7623,1,0,1
7624,1,0,1
7625,1,0,1
7626,0,0,1
7627,0,0,1
7628,0,0,1
7629,0,0,1
7630,1,0,1
7631,0,0,1
7632,0,0,1
7633,0,0,1
7634,1,0,1
7635,1,0,1
7636,0,0,1
7637,0,0,1
7638,0,0,1
7639,0,0,1
7640,0,0,1
7641,0,0,1
7642,0,0,1
7643,1,0,1
7644,1,0,1
7645,0,0,1
7646,0,0,0
7647,0,0,0
7648,1,0,1
7649,1,0,1
7650,1,0,0
7651,0,0,1
7652,0,0,1
7653,0,0,1
7654,0,0,1
7655,1,0,1
7656,0,0,1
7657,0,0,0
7658,0,0,1
7659,0,0,1
7660,0,0,1
7661,1,0,1
7662,0,0,1
7663,0,0,0
7664,0,0,0
7665,0,1,1
7666,0,1,1
7667,0,0,1
7668,1,0,1
7669,0,0,1
7670,0,0,1
7671,0,0,1
7672,0,0,1
7673,0,0,1
7674,1,0,1
7675,0,0,1
7676,0,0,0
7677,0,0,0
7678,1,0,1
7679,1,0,1
7680,1,0,1
7681,0,0,0
7682,0,0,0
7683,0,0,0
7684,0,0,1
7685,1,0,1
7686,1,0,1
7687,1,0,1
7688,1,0,1
7689,1,0,1
7690,1,0,1
7691,0,0,1
7692,1,0,1
7693,0,0,1
7694,1,0,1
7695,0,0,1
7696,1,0,1
7697,0,0,0
7698,0,0,0
7699,1,0,1
7700,1,0,1
7701,1,0,0
7702,1,0,1
7703,0,0,0
7704,0,0,0
7705,1,0,1
7706,1,0,1
7707,1,0,1
7708,1,0,1
7709,1,0,1
7710,1,0,1
7711,1,0,1
7712,0,0,1
7713,0,0,1
7714,0,0,1
7715,0,0,1
7716,0,0,1
7717,0,0,1
7718,1,0,1
7719,1,0,1
7720,1,0,1
7721,1,0,1
7722,0,0,1
7723,0,0,1
7724,0,0,1
7725,0,0,1
7726,0,0,1
7727,0,0,1
7728,0,0,1
7729,0,0,1
7730,1,0,1
7731,1,0,1
7732,1,0,1
7733,0,0,1
7734,1,0,1
7735,0,0,1
7736,0,0,1
7737,1,0,1
7738,0,0,1
7739,0,0,1
7740,1,0,1
7741,1,0,1
7742,0,0,1
7743,0,0,0
7744,0,0,1
7745,0,0,1
7746,0,0,1
7747,0,0,1
7748,0,0,1
7749,0,0,1
7750,0,0,1
7751,0,0,1
7752,0,0,0
7753,0,0,1
7754,1,0,1
7755,0,0,0
7756,0,0,1
7757,0,0,1
7758,0,0,1
7759,1,0,1
7760,1,0,0
7761,1,0,0
7762,0,0,1
7763,1,0,1
7764,0,0,0
7765,0,0,0
7766,0,0,0
7767,0,0,1
7768,0,0,1
7769,0,0,1
7770,0,0,1
7771,0,0,1
7772,0,0,1
7773,1,0,1
7774,1,0,1
7775,0,0,1
7776,0,0,1
7777,0,0,1
7778,1,0,1
7779,1,0,1
7780,0,0,0
7781,0,0,0
7782,0,0,1
7783,0,0,1
7784,0,0,1
7785,0,0,1
7786,0,0,1
7787,0,0,1
7788,1,0,1
7789,0,0,1
7790,0,0,0
7791,1,0,1
7792,0,0,1
7793,1,0,1
7794,1,0,1
7795,1,0,1
7796,0,0,1
7797,0,0,1
7798,0,0,1
7799,0,0,1
7800,0,0,1
7801,0,0,1
7802,0,0,1
7803,0,0,1
7804,0,0,1
7805,0,0,1
7806,0,0,1
7807,0,0,1
7808,0,0,1
7809,1,0,1
7810,0,0,1
7811,0,0,1
7812,1,0,1
7813,1,0,1
7814,1,0,1
7815,1,0,1
7816,1,0,1
7817,1,0,1
7818,1,0,1
7819,0,0,1
7820,1,0,0
7821,1,0,1
7822,0,0,1
7823,0,0,1
7824,1,0,1
7825,1,0,1
7826,0,0,1
7827,0,0,1
7828,0,0,1
7829,1,0,1
7830,1,0,1
7831,1,0,1
7832,0,0,1
7833,0,0,1
7834,1,0,1
7835,0,0,1
7836,0,0,1
7837,0,0,0
7838,1,0,1
7839,1,0,1
7840,0,0,1
7841,0,0,1
7842,0,0,0
7843,0,0,1
7844,0,0,1
7845,0,0,1
7846,0,0,1
7847,0,0,1
7848,0,0,1
7849,0,0,1
7850,1,0,1
7851,0,0,1
7852,0,0,1
7853,1,0,1
7854,0,0,1
7855,0,0,1
7856,0,0,1
7857,0,0,1
7858,0,0,1
7859,1,0,1
7860,0,0,1
7861,0,0,1
7862,1,0,1
7863,1,0,1
7864,0,0,1
7865,0,0,1
7866,1,0,1
7867,1,0,1
7868,1,0,1
7869,0,0,1
7870,0,0,1
7871,1,0,1
7872,1,0,1
7873,1,0,1
7874,1,0,1
7875,0,0,1
7876,0,0,1
7877,0,0,1
7878,0,0,1
7879,0,0,1
7880,0,0,1
7881,0,0,0
7882,0,0,0
7883,0,0,1
7884,0,0,1
7885,0,0,1
7886,0,0,1
7887,0,0,1
7888,0,0,1
7889,0,0,1
7890,0,0,1
7891,0,0,1
7892,0,0,1
7893,0,0,1
7894,0,0,1
7895,0,0,1
7896,0,0,1
7897,0,0,1
7898,0,0,0
7899,0,0,1
7900,0,0,1
7901,0,0,1
7902,0,0,1
7903,0,0,0
7904,0,0,0
7905,0,0,0
7906,0,0,0
7907,0,0,0
7908,0,0,1
7909,0,0,1
7910,0,1,1
7911,0,1,1
7912,0,0,1
7913,0,0,1
7914,0,0,1
7915,0,0,1
7916,0,0,1
7917,0,0,1
7918,0,0,1
7919,0,0,1
7920,0,0,1
7921,0,0,1
7922,0,0,1
7923,0,0,1
7924,0,0,1
7925,0,0,1
7926,0,0,1
7927,0,0,1
7928,0,0,1
7929,0,0,1
7930,0,0,1
7931,0,0,1
7932,0,0,1
7933,0,0,1
7934,0,0,1
7935,0,0,1
7936,0,0,1
7937,0,0,1
7938,0,0,1
7939,0,0,1
7940,0,0,1
7941,0,0,1
7942,0,0,0
7943,1,0,1
7944,1,0,1
7945,0,0,1
7946,1,0,1
7947,0,0,1
7948,0,0,1
7949,0,0,1
7950,0,0,1
7951,0,0,1
7952,0,0,1
7953,0,0,1
7954,0,0,1
7955,0,0,1
7956,0,0,1
7957,0,0,1
7958,0,0,1
7959,0,0,1
7960,0,0,1
7961,0,0,1
7962,0,0,1
7963,0,0,1
7964,0,0,1
7965,0,0,1
7966,0,0,1
7967,0,0,1
7968,0,0,1
7969,0,0,1
7970,0,1,1
7971,0,1,1
7972,0,0,1
7973,0,0,1
7974,0,0,1
7975,0,0,1
7976,0,0,1
7977,0,0,1
7978,0,0,1
7979,0,0,1
7980,1,0,1
7981,1,0,1
7982,1,0,1
7983,1,0,1
7984,0,0,1
7985,0,0,1
7986,1,0,1
7987,1,0,1
7988,1,0,1
7989,1,0,1
7990,0,0,1
7991,1,0,1
7992,1,0,1
7993,1,0,1
7994,0,0,1
7995,0,0,1
7996,0,0,0
7997,0,0,1
7998,1,0,1
7999,0,0,1
8000,1,0,1
8001,0,0,0
8002,1,0,1
8003,1,0,1
8004,1,0,1
8005,1,0,1
8006,1,0,1
8007,0,0,1
8008,0,0,1
8009,0,0,1
8010,1,0,1
8011,1,0,1
8012,0,0,1
8013,0,0,1
8014,0,0,1
8015,0,0,1
8016,0,0,1
8017,0,0,1
8018,0,0,1
8019,1,0,1
8020,0,0,1
8021,0,0,1
8022,0,0,1
8023,0,0,1
8024,0,0,1
8025,0,0,1
8026,0,0,1
8027,0,0,1
8028,0,0,1
8029,0,0,1
8030,0,0,1
8031,0,0,1
8032,0,0,1
8033,0,0,1
8034,0,0,1
8035,0,0,1
8036,0,0,1
8037,0,0,1
8038,0,0,1
8039,0,0,1
8040,0,1,1
8041,0,1,1
8042,0,0,1
8043,0,0,1
8044,0,0,0
8045,0,0,0
8046,0,0,1
8047,0,0,1
8048,0,0,1
8049,0,0,1
8050,0,0,1
8051,0,0,1
8052,1,0,1
8053,0,0,1
8054,0,0,1
8055,0,0,1
8056,0,0,1
8057,0,0,1
8058,0,0,1
8059,1,0,1
8060,1,0,1
8061,0,0,1
8062,1,0,1
8063,1,0,1
8064,0,0,1
8065,1,1,1
8066,1,1,1
8067,0,0,1
8068,0,0,1
8069,1,0,1
8070,0,0,1
8071,1,0,1
8072,0,0,0
8073,0,0,0
8074,0,0,1
8075,0,0,1
8076,0,0,1
8077,0,0,1
8078,0,0,1
8079,0,0,1
8080,1,0,1
8081,0,0,0
8082,0,0,0
8083,0,0,0
8084,0,0,1
8085,0,0,1
8086,0,0,1
8087,1,0,1
8088,1,0,1
8089,1,0,1
8090,1,0,1
8091,0,0,1
8092,1,0,1
8093,1,0,1
8094,1,0,1
8095,0,0,1
8096,0,0,0
8097,0,0,1
8098,0,0,0
8099,1,0,1
8100,0,0,1
8101,0,0,1
8102,1,0,1
8103,0,0,0
8104,1,0,1
8105,1,0,1
8106,1,0,1
8107,0,0,1
8108,0,0,1
8109,1,0,1
8110,1,0,1
8111,0,0,0
8112,0,0,0
8113,0,0,1
8114,1,0,1
8115,1,0,1
8116,1,0,1
8117,0,0,1
8118,0,0,1
8119,1,0,1
8120,0,0,0
8121,0,0,0
8122,0,0,1
8123,0,0,1
8124,0,0,1
8125,0,0,1
8126,0,0,1
8127,0,0,1
8128,0,0,0
8129,0,0,0
8130,0,0,1
8131,0,0,1
8132,0,0,1
8133,0,0,1
8134,0,0,1
8135,0,0,1
8136,0,0,1
8137,0,0,1
8138,0,0,1
8139,0,0,1
8140,0,0,1
8141,0,0,1
8142,0,0,1
8143,0,0,1
8144,0,0,1
8145,0,0,1
8146,0,0,1
8147,0,1,1
8148,0,1,1
8149,0,0,1
8150,0,0,0
8151,0,0,0
8152,1,0,1
8153,1,0,1
8154,0,0,1
8155,0,0,1
8156,0,0,1
8157,0,0,0
8158,0,0,0
8159,0,0,0
8160,0,0,1
8161,0,0,1
8162,0,0,1
8163,0,0,1
8164,0,0,1
8165,0,0,1
8166,0,0,1
8167,0,0,0
8168,0,0,0
8169,0,0,1
8170,0,0,1
8171,0,0,1
8172,0,0,1
8173,0,0,1
8174,0,1,1
8175,0,1,1
8176,0,0,1
8177,0,0,1
8178,0,0,1
8179,0,0,1
8180,0,0,1
8181,0,0,1
8182,0,0,1
8183,0,0,1
8184,0,0,1
8185,0,0,1
8186,0,0,1
8187,0,0,1
8188,0,0,1
8189,0,0,1
8190,0,0,1
8191,0,0,1
8192,0,0,1
8193,0,0,1
8194,0,0,0
8195,0,0,1
8196,0,0,1
8197,0,0,1
8198,0,0,1
8199,1,0,1
8200,0,0,1
8201,1,0,1
8202,0,0,1
8203,1,0,1
8204,0,0,1
8205,0,0,1
8206,0,0,1
8207,1,0,1
8208,0,0,1
8209,0,0,1
8210,0,0,1
8211,0,0,0
8212,0,0,1
8213,0,0,0
8214,0,0,0
8215,0,0,0
8216,0,0,0
8217,0,0,1
8218,0,0,1
8219,0,0,1
8220,0,0,0
8221,0,0,0
8222,0,0,1
8223,0,0,1
8224,0,0,1
8225,0,0,1
8226,0,0,1
8227,0,0,0
8228,0,0,0
8229,0,0,0
8230,0,0,1
8231,1,0,0
8232,1,0,0
8233,0,0,1
8234,0,0,1
8235,0,0,1
8236,0,0,1
8237,0,0,1
8238,0,0,1
8239,0,0,1
8240,0,0,1
8241,0,0,1
8242,0,0,1
8243,0,0,0
8244,0,0,0
8245,0,0,0
8246,0,0,0
8247,0,0,1
8248,0,0,0
8249,0,0,1
8250,0,0,1
8251,0,0,1
8252,0,0,1
8253,0,0,1
8254,0,0,1
8255,0,0,1
8256,1,0,1
8257,0,0,1
8258,0,0,1
8259,0,0,1
8260,0,0,1
8261,0,0,1
8262,0,0,1
8263,0,0,1
8264,0,0,1
8265,0,0,1
8266,0,0,1
8267,0,0,1
8268,0,1,1
8269,0,1,1
8270,0,0,1
8271,1,0,1
8272,1,0,1
8273,1,0,1
8274,1,0,1
8275,0,0,0
8276,0,0,0
8277,0,0,1
8278,1,0,1
8279,0,0,1
8280,0,0,1
8281,0,0,1
8282,1,0,0
8283,1,0,0
8284,1,1,1
8285,1,1,1
8286,0,0,1
8287,0,0,1
8288,0,0,1
8289,0,0,1
8290,0,0,0
8291,1,0,0
8292,1,0,0
8293,0,0,1
8294,0,0,0
8295,0,1,1
8296,0,1,1
8297,0,0,1
8298,0,0,1
8299,0,0,1
8300,0,0,0
8301,0,0,1
8302,1,0,1
8303,1,0,1
8304,1,0,1
8305,1,0,1
8306,0,0,0
8307,0,0,0
8308,0,0,1
8309,0,0,1
8310,1,0,1
8311,0,0,1
8312,1,0,1
8313,1,0,1
8314,1,0,1
8315,0,0,1
8316,0,0,1
8317,0,0,1
8318,1,0,1
8319,1,0,1
8320,1,0,1
8321,1,0,1
8322,0,0,0
8323,0,0,0
8324,0,0,1
8325,0,0,0
8326,0,0,0
8327,0,0,0
8328,1,0,1
8329,1,1,1
8330,1,1,1
8331,0,0,1
8332,0,0,1
8333,0,0,0
8334,0,0,0
8335,1,0,1
8336,0,0,0
8337,0,0,0
8338,0,0,0
8339,0,0,0
8340,0,0,0
8341,0,0,0
8342,0,0,0
8343,0,0,0
8344,0,0,0
8345,0,0,0
8346,0,0,1
8347,0,0,0
8348,0,1,1
8349,0,1,1
8350,1,0,0
8351,1,0,0
8352,0,0,1
8353,0,0,1
8354,0,0,0
8355,0,0,0
8356,0,0,0
8357,0,0,0
8358,0,0,0
8359,0,0,0
8360,0,1,1
8361,0,1,1
8362,0,0,1
8363,1,0,1
8364,0,0,1
8365,0,0,1
8366,0,0,1
8367,0,0,1
8368,0,0,1
8369,0,0,1
8370,0,0,1
8371,0,0,1
8372,0,0,1
8373,0,0,1
8374,0,0,1
8375,0,0,1
8376,0,0,1
8377,0,0,1
8378,0,0,1
8379,0,0,1
8380,0,0,1
8381,0,0,1
8382,0,0,1
8383,0,0,1
8384,1,0,1
8385,1,0,1
8386,0,0,1
8387,0,0,1
8388,0,0,1
8389,0,0,1
8390,0,0,1
8391,0,0,1
8392,0,0,1
8393,0,0,1
8394,0,0,1
8395,0,0,1
8396,0,0,1
8397,0,0,1
8398,0,0,1
8399,0,0,1
8400,0,0,1
8401,0,0,1
8402,0,0,1
8403,1,0,1
8404,1,0,1
8405,0,0,0
8406,0,0,1
8407,0,0,1
8408,0,0,1
8409,0,0,1
8410,0,0,1
8411,0,0,1
8412,0,0,1
8413,0,0,1
8414,0,0,0
8415,0,0,0
8416,0,0,0
8417,0,0,1
8418,0,0,1
8419,0,0,0
8420,0,0,0
8421,0,0,0
8422,0,0,0
8423,1,0,1
8424,0,0,1
8425,0,0,1
8426,0,0,1
8427,0,0,1
8428,0,0,1
8429,0,0,1
8430,0,0,1
8431,0,0,1
8432,0,0,1
8433,0,0,0
8434,0,0,1
8435,0,0,1
8436,0,0,1
8437,0,0,1
8438,0,0,1
8439,0,0,1
8440,0,0,1
8441,0,0,1
8442,0,0,1
8443,0,0,1
8444,0,0,1
8445,0,0,1
8446,1,0,1
8447,0,0,1
8448,0,0,1
8449,0,0,0
8450,0,0,1
8451,1,0,1
8452,0,0,1
8453,0,0,1
8454,0,0,1
8455,0,0,1
8456,1,0,1
8457,0,0,1
8458,0,0,1
8459,0,0,1
8460,0,0,1
8461,0,0,1
8462,0,0,1
8463,1,0,1
8464,0,0,1
8465,0,0,1
8466,0,0,1
8467,0,0,1
8468,1,0,1
8469,0,0,0
8470,1,0,0
8471,0,0,1
8472,0,0,1
8473,1,0,1
8474,0,0,1
8475,0,0,1
8476,0,0,0
8477,1,0,1
8478,1,0,1
8479,1,0,1
8480,1,0,1
8481,0,0,1
8482,0,0,1
8483,1,0,1
8484,1,0,1
8485,0,0,1
8486,0,0,1
8487,1,0,1
8488,0,0,1
8489,0,0,1
8490,0,0,1
8491,0,0,0
8492,1,0,1
8493,1,0,1
8494,0,0,1
8495,0,0,1
8496,0,0,1
8497,0,0,1
8498,1,0,1
8499,0,0,1
8500,0,0,1
8501,0,0,1
8502,1,0,1
8503,0,0,1
8504,1,0,1
8505,0,0,1
8506,0,0,1
8507,0,0,1
8508,0,0,1
8509,1,0,1
8510,0,0,1
8511,0,0,0
8512,0,0,1
8513,0,0,1
8514,0,0,1
8515,0,0,1
8516,0,0,1
8517,0,0,1
8518,0,0,1
8519,0,0,1
8520,0,0,1
8521,0,0,1
8522,0,0,0
8523,0,0,1
8524,0,0,1
8525,0,0,1
8526,0,0,1
8527,0,0,1
8528,0,0,1
8529,0,0,1
8530,0,0,1
8531,1,0,1
8532,1,0,1
8533,0,0,1
8534,0,0,1
8535,0,0,1
8536,0,0,1
8537,0,0,1
8538,1,0,0
8539,0,0,1
8540,1,0,1
8541,0,0,1
8542,0,0,1
8543,1,0,1
8544,0,0,0
8545,0,0,1
8546,1,0,1
8547,0,0,1
8548,0,0,1
8549,0,0,1
8550,0,0,1
8551,0,0,1
8552,0,0,1
8553,0,0,1
8554,0,0,1
8555,0,0,1
8556,0,0,1
8557,0,0,1
8558,0,0,1
8559,0,0,1
8560,0,0,1
8561,0,0,0
8562,0,0,0
8563,1,0,1
8564,0,0,1
8565,0,0,1
8566,0,0,1
8567,0,0,1
8568,0,0,1
8569,0,0,1
8570,0,0,1
8571,0,0,1
8572,0,0,0
8573,0,0,1
8574,0,0,1
8575,0,0,1
8576,0,0,1
8577,0,0,1
8578,0,0,1
8579,0,0,1
8580,1,0,1
8581,0,0,1
8582,0,0,1
8583,0,0,1
8584,0,1,1
8585,0,1,1
8586,0,0,1
8587,0,0,1
8588,0,0,1
8589,0,0,1
8590,0,0,1
8591,0,0,1
8592,0,0,1
8593,0,0,1
8594,1,0,1
8595,0,0,1
8596,0,0,1
8597,0,0,1
8598,1,0,0
8599,1,0,0
8600,0,0,0
8601,1,0,0
8602,0,0,0
8603,1,0,0
8604,0,0,1
8605,0,0,1
8606,0,0,1
8607,0,0,0
8608,0,1,0
8609,0,1,0
8610,0,0,0
8611,0,0,1
8612,0,0,0
8613,0,0,1
8614,0,0,1
8615,0,0,1
8616,0,0,0
8617,1,0,1
8618,1,0,1
8619,0,0,1
8620,0,0,1
8621,1,0,1
8622,0,0,1
8623,0,0,1
8624,0,0,1
8625,0,0,1
8626,0,0,1
8627,0,0,1
8628,0,0,1
8629,0,0,1
8630,0,0,1
8631,0,0,1
8632,1,0,1
8633,1,0,1
8634,0,0,1
8635,0,0,1
8636,0,0,1
8637,1,0,1
8638,0,0,1
8639,0,0,1
8640,0,0,1
8641,0,0,1
8642,0,0,1
8643,0,0,1
8644,0,0,1
8645,0,0,1
8646,0,0,0
8647,0,0,0
8648,0,0,1
8649,1,0,1
8650,0,0,1
8651,0,0,1
8652,0,0,1
8653,1,0,1
8654,0,0,1
8655,0,0,1
8656,0,0,1
8657,1,0,1
8658,0,0,1
8659,0,0,1
8660,0,0,1
8661,0,0,1
8662,0,0,1
8663,0,0,1
8664,1,0,1
8665,1,0,1
8666,0,0,1
8667,0,0,1
8668,1,0,1
8669,0,0,1
8670,0,0,1
8671,0,0,1
8672,1,0,1
8673,0,0,1
8674,0,0,1
8675,0,0,0
8676,1,0,0
8677,1,0,1
8678,1,1,1
8679,1,1,1
8680,0,0,1
8681,0,0,1
8682,0,0,1
8683,0,0,0
8684,1,0,1
8685,0,0,0
8686,1,0,1
8687,1,0,1
8688,1,0,1
8689,1,0,1
8690,0,0,0
8691,1,0,1
8692,0,0,1
8693,0,0,1
8694,1,0,1
8695,1,0,1
8696,0,0,1
8697,0,0,1
8698,0,0,1
8699,0,0,1
8700,0,0,1
8701,0,0,0
8702,0,0,1
8703,0,0,1
8704,0,0,0
8705,1,0,1
8706,0,0,1
8707,0,0,1
8708,0,0,1
8709,0,0,1
8710,1,0,1
8711,0,0,1
8712,0,0,1
8713,1,0,1
8714,0,0,1
8715,0,0,1
8716,1,0,1
8717,0,0,1
8718,0,0,1
8719,1,0,1
8720,0,0,0
8721,0,0,1
8722,0,0,1
8723,0,0,1
8724,0,0,1
8725,0,0,0
8726,1,0,1
8727,0,0,1
8728,0,0,1
8729,0,0,1
8730,0,0,1
8731,0,0,1
8732,0,0,1
8733,0,0,0
8734,0,0,1
8735,0,0,1
8736,0,0,1
8737,0,0,1
8738,0,0,1
8739,1,0,1
8740,0,0,1
8741,0,0,1
8742,0,0,1
8743,0,0,1
8744,1,0,1
8745,0,0,1
8746,0,0,1
8747,0,0,1
8748,0,0,1
8749,0,0,1
8750,0,0,0
8751,0,0,0
8752,0,0,1
8753,0,0,1
8754,0,0,1
8755,0,1,0
8756,0,1,0
8757,1,0,1
8758,0,0,0
